source_url,target_url,anchor,anchor_kind,rel,provider,checked_at,verification_status
https://project-infinity.cloud/,https://anyx.gg/,CS2 Cheats,exact_match,,semrush_public_backlink_checker,2026-09-21,target_and_anchor_found
https://eazycheats.net/,https://anyx.gg/,Anyx CS2 Cheats,branded,,semrush_public_backlink_checker,2026-09-21,target_and_anchor_found
https://cs2-cheats.com/,https://anyx.gg/,Anyx CS2 Cheats,branded,,semrush_public_backlink_checker,2026-09-21,target_and_anchor_found
https://cs2-webradar.com/,https://anyx.gg/,Premium CS2 Hacks,descriptive,,semrush_public_backlink_checker,2026-09-21,target_and_anchor_found
https://zerkoasuk.blogspot.com/,https://anyx.gg/,https://steam-comments.com/,naked_url,nofollow,semrush_public_backlink_checker,2026-09-21,not_found_in_fetched_html
https://shopwebsites.cloud/,https://anyx.gg/,Anyx.gg,naked_url,nofollow,semrush_public_backlink_checker,2026-09-21,target_and_anchor_found
https://boosting-service.cloud/,https://anyx.gg/,CS2 Cheats,exact_match,,semrush_public_backlink_checker,2026-09-21,target_and_anchor_found
https://reportbot.cloud/,https://anyx.gg/products/cs2-cheats,CS2 Cheats,exact_match,,semrush_public_backlink_checker,2026-09-21,unavailable
https://kevins-organization-64.gitbook.io/tgmodz-1/counter-strike-2/anyx-cs2/anyx-information,https://anyx.gg/products/cs2-cheats,Logo CS2 Hacks - Premium CS2 Cheats Anyx.gg - Undetected CS2 Cheats & Free CS2 Hacks,branded,,semrush_public_backlink_checker,2026-09-21,target_found_anchor_differs
https://kevins-organization-64.gitbook.io/tgmodz-1/counter-strike-2/anyx-cs2/anyx-links-support,https://anyx.gg/support/faq,AnyX FAQ/Troubleshooting,branded,,semrush_public_backlink_checker,2026-09-21,target_and_anchor_found
https://kevins-organization-64.gitbook.io/tgmodz-1/counter-strike-2/anyx-cs2/anyx-links-support,https://anyx.gg/,AnyX Website,branded,,semrush_public_backlink_checker,2026-09-21,target_and_anchor_found
https://kevins-organization-64.gitbook.io/tgmodz-1/counter-strike-2/anyx-cs2/installation-guide,https://anyx.gg/redeem-key,here,generic,,semrush_public_backlink_checker,2026-09-21,target_and_anchor_found
https://kevins-organization-64.gitbook.io/tgmodz-1/counter-strike-2/anyx-cs2/installation-guide,https://anyx.gg/,Website,generic,,semrush_public_backlink_checker,2026-09-21,target_and_anchor_found
https://kevins-organization-64.gitbook.io/tgmodz-1/counter-strike-2/anyx-cs2/installation-guide,https://anyx.gg/threads/anyx-external-cheat-tutorial.59,Instructions,descriptive,,semrush_public_backlink_checker,2026-09-21,target_and_anchor_found
https://slame.gitbook.io/help-metacs/proverka-na-chity/dopolnenie/spisok-chitov,https://anyx.gg/,anyx,branded,,semrush_public_backlink_checker,2026-09-21,unavailable
