query,language,cluster_id,intent,query_role,recommended_page_type,search_facets,scope,discovery,discovery_note,volume,frequency_band,country,engine,provider,period,period_basis,match_type,volume_basis,metric_source_url,specificity,serp_samples,sources
dota 2 scripts,en,dota2-scripts,informational,ambiguous_research,intent_review,,third_party_software,observed,"Visible Semrush keyword output; estimated demand, not an independent Google exact count",20,low,US,google,semrush_public_keyword_checker,2026-09,capture_month,provider_unspecified,provider_estimated_rolling_12_month_average,https://www.semrush.com/free-tools/keyword-search-volume-checker/?db=us&keyword=dota+2+scripts,head_or_mid_tail_phrase,2,https://dota2cheat.net/guides/ | https://dotacheats.com/ | https://www.semrush.com/free-tools/keyword-search-volume-checker/?db=us&keyword=dota+2+scripts
dota 2 scripts vs macros,en,dota2-scripts,informational,article_candidate,article_or_section,vs,third_party_software,editorial_expansion,Writer-proposed search phrase based on the topic; demand unverified,,unknown,US,google,,,,,,,long_tail_phrase,1,https://uc.zone/en/dota2 | https://umbrella-dota.com/en/scripts/
dota 2 hero scripts meaning,en,dota2-scripts,informational,article_candidate,article_or_section,,third_party_software,editorial_expansion,Writer-proposed search phrase based on the topic; demand unverified,,unknown,US,google,,,,,,,long_tail_phrase,0,https://uc.zone/en/dota2 | https://umbrella-dota.com/en/scripts/
dota 2 bot scripts vs cheats,en,dota2-scripts,informational,article_candidate,article_or_section,vs,third_party_software,editorial_expansion,Writer-proposed search phrase based on the topic; demand unverified,,unknown,US,google,,,,,,,long_tail_phrase,0,https://uc.zone/en/dota2 | https://umbrella-dota.com/en/scripts/
what is scripting in dota 2,en,dota2-scripts,informational,article_candidate,article_or_section,,third_party_software,editorial_expansion,Writer-proposed search phrase based on the topic; demand unverified,,unknown,US,google,,,,,,,long_tail_phrase,0,https://uc.zone/en/dota2 | https://umbrella-dota.com/en/scripts/
invoker scripts dota 2,en,dota2-invoker,informational,article_candidate,section_of_dota2-scripts,,third_party_software,editorial_expansion,Writer-proposed search phrase based on the topic; demand unverified,,unknown,US,google,,,,,,,long_tail_phrase,1,https://uc.zone/en/dota2 | https://umbrella-dota.com/en/scripts/
dota 2 invoker script features,en,dota2-invoker,informational,article_candidate,section_of_dota2-scripts,,third_party_software,editorial_expansion,Writer-proposed search phrase based on the topic; demand unverified,,unknown,US,google,,,,,,,long_tail_phrase,0,https://uc.zone/en/dota2 | https://umbrella-dota.com/en/scripts/
invoker combo script meaning,en,dota2-invoker,informational,article_candidate,section_of_dota2-scripts,,third_party_software,editorial_expansion,Writer-proposed search phrase based on the topic; demand unverified,,unknown,US,google,,,,,,,long_tail_phrase,0,https://uc.zone/en/dota2 | https://umbrella-dota.com/en/scripts/
invoker scripts vs hotkeys,en,dota2-invoker,informational,article_candidate,section_of_dota2-scripts,vs,third_party_software,editorial_expansion,Writer-proposed search phrase based on the topic; demand unverified,,unknown,US,google,,,,,,,long_tail_phrase,1,https://uc.zone/en/dota2 | https://umbrella-dota.com/en/scripts/
dota 2 invoker auto combo,en,dota2-invoker,informational,article_candidate,section_of_dota2-scripts,,third_party_software,editorial_expansion,Writer-proposed search phrase based on the topic; demand unverified,,unknown,US,google,,,,,,,long_tail_phrase,0,https://uc.zone/en/dota2 | https://umbrella-dota.com/en/scripts/
meepo scripts dota 2,en,dota2-meepo,informational,article_candidate,section_of_dota2-scripts,,third_party_software,editorial_expansion,Writer-proposed search phrase based on the topic; demand unverified,,unknown,US,google,,,,,,,long_tail_phrase,1,https://uc.zone/en/dota2 | https://umbrella-dota.com/en/scripts/
dota 2 meepo script features,en,dota2-meepo,informational,article_candidate,section_of_dota2-scripts,,third_party_software,editorial_expansion,Writer-proposed search phrase based on the topic; demand unverified,,unknown,US,google,,,,,,,long_tail_phrase,0,https://uc.zone/en/dota2 | https://umbrella-dota.com/en/scripts/
meepo auto combo meaning,en,dota2-meepo,informational,article_candidate,section_of_dota2-scripts,,third_party_software,editorial_expansion,Writer-proposed search phrase based on the topic; demand unverified,,unknown,US,google,,,,,,,long_tail_phrase,0,https://uc.zone/en/dota2 | https://umbrella-dota.com/en/scripts/
meepo scripts vs control groups,en,dota2-meepo,informational,article_candidate,section_of_dota2-scripts,vs,third_party_software,editorial_expansion,Writer-proposed search phrase based on the topic; demand unverified,,unknown,US,google,,,,,,,long_tail_phrase,1,https://uc.zone/en/dota2 | https://umbrella-dota.com/en/scripts/
meepo automation features,en,dota2-meepo,informational,article_candidate,section_of_dota2-scripts,,third_party_software,editorial_expansion,Writer-proposed search phrase based on the topic; demand unverified,,unknown,US,google,,,,,,,head_or_mid_tail_phrase,0,https://uc.zone/en/dota2 | https://umbrella-dota.com/en/scripts/
dota 2 maphack,en,dota2-maphack,informational,ambiguous_research,intent_review,,third_party_software,editorial_expansion,Writer-proposed search phrase based on the topic; demand unverified,,unknown,US,google,,,,,,,head_or_mid_tail_phrase,1,https://uc.zone/en/dota2 | https://umbrella-dota.com/en/scripts/
dota 2 maphack vs esp,en,dota2-maphack,informational,article_candidate,article_or_section,vs,third_party_software,editorial_expansion,Writer-proposed search phrase based on the topic; demand unverified,,unknown,US,google,,,,,,,long_tail_phrase,0,https://uc.zone/en/dota2 | https://umbrella-dota.com/en/scripts/
dota 2 jungle maphack meaning,en,dota2-maphack,informational,article_candidate,article_or_section,,third_party_software,editorial_expansion,Writer-proposed search phrase based on the topic; demand unverified,,unknown,US,google,,,,,,,long_tail_phrase,0,https://uc.zone/en/dota2 | https://umbrella-dota.com/en/scripts/
dota 2 fog of war cheat claims,en,dota2-maphack,informational,article_candidate,article_or_section,,third_party_software,editorial_expansion,Writer-proposed search phrase based on the topic; demand unverified,,unknown,US,google,,,,,,,long_tail_phrase,0,https://uc.zone/en/dota2 | https://umbrella-dota.com/en/scripts/
dota 2 vision cheat meaning,en,dota2-maphack,informational,article_candidate,article_or_section,,third_party_software,editorial_expansion,Writer-proposed search phrase based on the topic; demand unverified,,unknown,US,google,,,,,,,long_tail_phrase,0,https://uc.zone/en/dota2 | https://umbrella-dota.com/en/scripts/
dota 2 ward tracker,en,dota2-ward-tracker,informational,article_candidate,section_of_dota2-maphack,,third_party_software,editorial_expansion,Writer-proposed search phrase based on the topic; demand unverified,,unknown,US,google,,,,,,,long_tail_phrase,1,https://uc.zone/en/dota2 | https://umbrella-dota.com/en/scripts/
dota 2 ward tracker cheat meaning,en,dota2-ward-tracker,informational,article_candidate,section_of_dota2-maphack,,third_party_software,editorial_expansion,Writer-proposed search phrase based on the topic; demand unverified,,unknown,US,google,,,,,,,long_tail_phrase,0,https://uc.zone/en/dota2 | https://umbrella-dota.com/en/scripts/
ward tracker vs ward timer dota 2,en,dota2-ward-tracker,informational,article_candidate,section_of_dota2-maphack,vs,third_party_software,editorial_expansion,Writer-proposed search phrase based on the topic; demand unverified,,unknown,US,google,,,,,,,long_tail_phrase,0,https://uc.zone/en/dota2 | https://umbrella-dota.com/en/scripts/
dota 2 ward esp,en,dota2-ward-tracker,informational,article_candidate,section_of_dota2-maphack,,third_party_software,editorial_expansion,Writer-proposed search phrase based on the topic; demand unverified,,unknown,US,google,,,,,,,long_tail_phrase,0,https://uc.zone/en/dota2 | https://umbrella-dota.com/en/scripts/
dota 2 enemy ward tracker,en,dota2-ward-tracker,informational,article_candidate,section_of_dota2-maphack,,third_party_software,editorial_expansion,Writer-proposed search phrase based on the topic; demand unverified,,unknown,US,google,,,,,,,long_tail_phrase,0,https://uc.zone/en/dota2 | https://umbrella-dota.com/en/scripts/
dota 2 roshan timer,en,dota2-roshan,informational,article_candidate,section_of_dota2-maphack,,third_party_software,editorial_expansion,Writer-proposed search phrase based on the topic; demand unverified,,unknown,US,google,,,,,,,long_tail_phrase,1,https://uc.zone/en/dota2 | https://umbrella-dota.com/en/scripts/
dota 2 roshan esp,en,dota2-roshan,informational,article_candidate,section_of_dota2-maphack,,third_party_software,editorial_expansion,Writer-proposed search phrase based on the topic; demand unverified,,unknown,US,google,,,,,,,long_tail_phrase,1,https://uc.zone/en/dota2 | https://umbrella-dota.com/en/scripts/
roshan timer vs esp dota 2,en,dota2-roshan,informational,article_candidate,section_of_dota2-maphack,vs,third_party_software,editorial_expansion,Writer-proposed search phrase based on the topic; demand unverified,,unknown,US,google,,,,,,,long_tail_phrase,0,https://uc.zone/en/dota2 | https://umbrella-dota.com/en/scripts/
dota 2 roshan tracker,en,dota2-roshan,informational,article_candidate,section_of_dota2-maphack,,third_party_software,editorial_expansion,Writer-proposed search phrase based on the topic; demand unverified,,unknown,US,google,,,,,,,long_tail_phrase,0,https://uc.zone/en/dota2 | https://umbrella-dota.com/en/scripts/
dota 2 roshan cheat feature,en,dota2-roshan,informational,article_candidate,section_of_dota2-maphack,,third_party_software,editorial_expansion,Writer-proposed search phrase based on the topic; demand unverified,,unknown,US,google,,,,,,,long_tail_phrase,0,https://uc.zone/en/dota2 | https://umbrella-dota.com/en/scripts/
dota 2 teleport preview,en,dota2-teleport,informational,ambiguous_research,intent_review,,third_party_software,editorial_expansion,Writer-proposed search phrase based on the topic; demand unverified,,unknown,US,google,,,,,,,long_tail_phrase,1,https://uc.zone/en/dota2 | https://umbrella-dota.com/en/scripts/
dota 2 teleport tracker,en,dota2-teleport,informational,article_candidate,section_of_dota2-maphack,,third_party_software,editorial_expansion,Writer-proposed search phrase based on the topic; demand unverified,,unknown,US,google,,,,,,,long_tail_phrase,0,https://uc.zone/en/dota2 | https://umbrella-dota.com/en/scripts/
dota 2 tp preview cheat,en,dota2-teleport,informational,article_candidate,section_of_dota2-maphack,,third_party_software,editorial_expansion,Writer-proposed search phrase based on the topic; demand unverified,,unknown,US,google,,,,,,,long_tail_phrase,0,https://uc.zone/en/dota2 | https://umbrella-dota.com/en/scripts/
dota 2 teleport esp,en,dota2-teleport,informational,article_candidate,section_of_dota2-maphack,,third_party_software,editorial_expansion,Writer-proposed search phrase based on the topic; demand unverified,,unknown,US,google,,,,,,,long_tail_phrase,0,https://uc.zone/en/dota2 | https://umbrella-dota.com/en/scripts/
teleport preview meaning dota 2,en,dota2-teleport,informational,article_candidate,section_of_dota2-maphack,,third_party_software,editorial_expansion,Writer-proposed search phrase based on the topic; demand unverified,,unknown,US,google,,,,,,,long_tail_phrase,0,https://uc.zone/en/dota2 | https://umbrella-dota.com/en/scripts/
dota 2 auto dodge,en,dota2-auto-dodge,informational,article_candidate,article_or_section,,third_party_software,editorial_expansion,Writer-proposed search phrase based on the topic; demand unverified,,unknown,US,google,,,,,,,long_tail_phrase,1,https://uc.zone/en/dota2 | https://umbrella-dota.com/en/scripts/
dota 2 auto dodge script meaning,en,dota2-auto-dodge,informational,article_candidate,article_or_section,,third_party_software,editorial_expansion,Writer-proposed search phrase based on the topic; demand unverified,,unknown,US,google,,,,,,,long_tail_phrase,0,https://uc.zone/en/dota2 | https://umbrella-dota.com/en/scripts/
auto dodge vs manual dodge dota 2,en,dota2-auto-dodge,informational,article_candidate,article_or_section,vs,third_party_software,editorial_expansion,Writer-proposed search phrase based on the topic; demand unverified,,unknown,US,google,,,,,,,long_tail_phrase,0,https://uc.zone/en/dota2 | https://umbrella-dota.com/en/scripts/
dota 2 skillshot dodge script,en,dota2-auto-dodge,informational,article_candidate,article_or_section,,third_party_software,editorial_expansion,Writer-proposed search phrase based on the topic; demand unverified,,unknown,US,google,,,,,,,long_tail_phrase,0,https://uc.zone/en/dota2 | https://umbrella-dota.com/en/scripts/
dota 2 dodger feature,en,dota2-auto-dodge,informational,article_candidate,article_or_section,,third_party_software,editorial_expansion,Writer-proposed search phrase based on the topic; demand unverified,,unknown,US,google,,,,,,,long_tail_phrase,0,https://uc.zone/en/dota2 | https://umbrella-dota.com/en/scripts/
dota 2 skin changer,en,dota2-skin-changer,informational,ambiguous_research,intent_review,,third_party_software,observed,Exact phrase found in sampled publisher text; does not prove search volume,,unknown,US,google,,,,,,,long_tail_phrase,1,https://dotacheats.com/
dota 2 skin changer vs real items,en,dota2-skin-changer,informational,article_candidate,article_or_section,vs,third_party_software,editorial_expansion,Writer-proposed search phrase based on the topic; demand unverified,,unknown,US,google,,,,,,,long_tail_phrase,0,https://uc.zone/en/dota2 | https://umbrella-dota.com/en/scripts/
can others see dota 2 skin changer,en,dota2-skin-changer,informational,article_candidate,article_or_section,,third_party_software,editorial_expansion,Writer-proposed search phrase based on the topic; demand unverified,,unknown,US,google,,,,,,,long_tail_phrase,0,https://uc.zone/en/dota2 | https://umbrella-dota.com/en/scripts/
dota 2 cosmetic changer,en,dota2-skin-changer,informational,article_candidate,article_or_section,,third_party_software,editorial_expansion,Writer-proposed search phrase based on the topic; demand unverified,,unknown,US,google,,,,,,,long_tail_phrase,0,https://uc.zone/en/dota2 | https://umbrella-dota.com/en/scripts/
dota 2 skin changer inventory,en,dota2-skin-changer,informational,article_candidate,article_or_section,,third_party_software,editorial_expansion,Writer-proposed search phrase based on the topic; demand unverified,,unknown,US,google,,,,,,,long_tail_phrase,0,https://uc.zone/en/dota2 | https://umbrella-dota.com/en/scripts/
dota 2 cheats comparison,en,dota2-comparison,commercial_investigation,article_candidate,article_or_section,,third_party_software,editorial_expansion,Writer-proposed search phrase based on the topic; demand unverified,,unknown,US,google,,,,,,,long_tail_phrase,1,https://uc.zone/en/dota2 | https://umbrella-dota.com/en/scripts/
melonity vs umbrella,en,dota2-comparison,commercial_investigation,article_candidate,article_or_section,vs,third_party_software,editorial_expansion,Writer-proposed search phrase based on the topic; demand unverified,,unknown,US,google,,,,,,,head_or_mid_tail_phrase,0,https://uc.zone/en/dota2 | https://umbrella-dota.com/en/scripts/
melonity vs octarine,en,dota2-comparison,commercial_investigation,article_candidate,article_or_section,vs,third_party_software,editorial_expansion,Writer-proposed search phrase based on the topic; demand unverified,,unknown,US,google,,,,,,,head_or_mid_tail_phrase,0,https://uc.zone/en/dota2 | https://umbrella-dota.com/en/scripts/
dota 2 scripts comparison,en,dota2-comparison,commercial_investigation,article_candidate,article_or_section,,third_party_software,editorial_expansion,Writer-proposed search phrase based on the topic; demand unverified,,unknown,US,google,,,,,,,long_tail_phrase,0,https://uc.zone/en/dota2 | https://umbrella-dota.com/en/scripts/
dota 2 cheat review checklist,en,dota2-comparison,commercial_investigation,article_candidate,article_or_section,,third_party_software,editorial_expansion,Writer-proposed search phrase based on the topic; demand unverified,,unknown,US,google,,,,,,,long_tail_phrase,0,https://uc.zone/en/dota2 | https://umbrella-dota.com/en/scripts/
dota 2 auto last hit,en,dota2-auto-last-hit,informational,article_candidate,section_of_dota2-scripts,,third_party_software,editorial_expansion,Writer-proposed search phrase based on the topic; demand unverified,,unknown,US,google,,,,,,,long_tail_phrase,1,https://uc.zone/en/dota2 | https://umbrella-dota.com/en/scripts/
dota 2 last hit script,en,dota2-auto-last-hit,informational,article_candidate,section_of_dota2-scripts,,third_party_software,editorial_expansion,Writer-proposed search phrase based on the topic; demand unverified,,unknown,US,google,,,,,,,long_tail_phrase,1,https://uc.zone/en/dota2 | https://umbrella-dota.com/en/scripts/
dota 2 auto deny script,en,dota2-auto-last-hit,informational,article_candidate,section_of_dota2-scripts,,third_party_software,editorial_expansion,Writer-proposed search phrase based on the topic; demand unverified,,unknown,US,google,,,,,,,long_tail_phrase,0,https://uc.zone/en/dota2 | https://umbrella-dota.com/en/scripts/
auto last hit vs manual dota 2,en,dota2-auto-last-hit,informational,article_candidate,section_of_dota2-scripts,vs,third_party_software,editorial_expansion,Writer-proposed search phrase based on the topic; demand unverified,,unknown,US,google,,,,,,,long_tail_phrase,0,https://uc.zone/en/dota2 | https://umbrella-dota.com/en/scripts/
dota 2 farming scripts meaning,en,dota2-auto-last-hit,informational,article_candidate,section_of_dota2-scripts,,third_party_software,editorial_expansion,Writer-proposed search phrase based on the topic; demand unverified,,unknown,US,google,,,,,,,long_tail_phrase,0,https://uc.zone/en/dota2 | https://umbrella-dota.com/en/scripts/
dota 2 cheat commands,en,dota2-commands,informational,article_candidate,command_reference,,legitimate_commands,editorial_expansion,Writer-proposed search phrase based on the topic; demand unverified,,unknown,US,google,,,,,,,long_tail_phrase,1,https://dota2.fandom.com/wiki/Cheats
dota 2 lobby cheats vs scripts,en,dota2-commands,informational,article_candidate,command_reference,vs,legitimate_commands,editorial_expansion,Writer-proposed search phrase based on the topic; demand unverified,,unknown,US,google,,,,,,,long_tail_phrase,0,https://dota2.fandom.com/wiki/Cheats
dota 2 console cheat codes,en,dota2-commands,informational,article_candidate,command_reference,,legitimate_commands,editorial_expansion,Writer-proposed search phrase based on the topic; demand unverified,,unknown,US,google,,,,,,,long_tail_phrase,0,https://dota2.fandom.com/wiki/Cheats
dota 2 cheats custom lobby,en,dota2-commands,informational,article_candidate,command_reference,,legitimate_commands,editorial_expansion,Writer-proposed search phrase based on the topic; demand unverified,,unknown,US,google,,,,,,,long_tail_phrase,0,https://dota2.fandom.com/wiki/Cheats
dota 2 cheats meaning,en,dota2-commands,informational,article_candidate,command_reference,,legitimate_commands,editorial_expansion,Writer-proposed search phrase based on the topic; demand unverified,,unknown,US,google,,,,,,,long_tail_phrase,0,https://dota2.fandom.com/wiki/Cheats
dota 2 cheats,en,dota2-hub,transactional,product_access,verified_product_or_category,,mixed,observed,Visible US Keyword Magic suggestion; reader intent still needs its own SERP validation,210,medium,US,google,semrush_public_keyword_checker,2026-09,capture_month,provider_unspecified,provider_estimated_rolling_12_month_average,https://www.semrush.com/free-tools/keyword-search-volume-checker/?db=us&keyword=dota+2+cheats,head_or_mid_tail_phrase,2,https://uc.zone/en/dota2 | https://www.semrush.com/free-tools/keyword-search-volume-checker/?db=us&keyword=dota+2+cheats | https://www.semrush.com/free-tools/keyword-tool/
Is scripting allowed in Dota 2?,en,dota2-scripts,informational,article_candidate,article_or_section,,third_party_software,observed,Observed People Also Ask question in the saved Google sample. Question wording does not establish exact search volume.,,unknown,US,google,,,,,,,long_tail_phrase,0,https://www.google.com/search?q=dota+2+scripts&hl=en&gl=us&pws=0
Is scripting in a game cheating?,en,dota2-scripts,informational,article_candidate,article_or_section,,third_party_software,observed,Observed People Also Ask question in the saved Google sample. Question wording does not establish exact search volume.,,unknown,US,google,,,,,,,long_tail_phrase,0,https://www.google.com/search?q=dota+2+scripts&hl=en&gl=us&pws=0
cheat dota 2,en,dota2-hub,transactional,product_access,verified_product_or_category,,mixed,observed,Visible US Keyword Magic suggestion; reader intent still needs its own SERP validation,210,medium,US,google,semrush_public_keyword_checker,2026-09,capture_month,provider_unspecified,provider_estimated_rolling_12_month_average,https://www.semrush.com/free-tools/keyword-search-volume-checker/?db=us&keyword=dota+2+cheats,head_or_mid_tail_phrase,0,https://www.semrush.com/free-tools/keyword-search-volume-checker/?db=us&keyword=dota+2+cheats | https://www.semrush.com/free-tools/keyword-tool/
cheat code dota 2,en,dota2-commands,informational,article_candidate,command_reference,,legitimate_commands,observed,Visible US Keyword Magic suggestion; reader intent still needs its own SERP validation,20,low,US,google,semrush_public_keyword_checker,2026-09,capture_month,provider_unspecified,provider_estimated_rolling_12_month_average,https://www.semrush.com/free-tools/keyword-search-volume-checker/?db=us&keyword=dota+2+cheats,long_tail_phrase,0,https://www.semrush.com/free-tools/keyword-search-volume-checker/?db=us&keyword=dota+2+cheats | https://www.semrush.com/free-tools/keyword-tool/
cheat dota 2 bot,en,dota2-commands,informational,article_candidate,command_reference,,ambiguous_command_or_software,observed,Visible US Keyword Magic suggestion; reader intent still needs its own SERP validation,20,low,US,google,semrush_public_keyword_magic,2026-09,capture_month,provider_unspecified,provider_estimated_rolling_12_month_average,https://www.semrush.com/free-tools/keyword-tool/,long_tail_phrase,0,https://www.semrush.com/free-tools/keyword-tool/
cheat dota 2 gold,en,dota2-commands,informational,article_candidate,command_reference,,ambiguous_command_or_software,observed,Visible US Keyword Magic suggestion; reader intent still needs its own SERP validation,20,low,US,google,semrush_public_keyword_magic,2026-09,capture_month,provider_unspecified,provider_estimated_rolling_12_month_average,https://www.semrush.com/free-tools/keyword-tool/,long_tail_phrase,0,https://www.semrush.com/free-tools/keyword-tool/
cheat dota 2 lobby,en,dota2-commands,informational,article_candidate,command_reference,,legitimate_commands,observed,Visible US Keyword Magic suggestion; reader intent still needs its own SERP validation,20,low,US,google,semrush_public_keyword_magic,2026-09,capture_month,provider_unspecified,provider_estimated_rolling_12_month_average,https://www.semrush.com/free-tools/keyword-tool/,long_tail_phrase,0,https://www.semrush.com/free-tools/keyword-tool/
cheat lobby dota 2,en,dota2-commands,informational,article_candidate,command_reference,,legitimate_commands,observed,Visible US Keyword Magic suggestion; reader intent still needs its own SERP validation,20,low,US,google,semrush_public_keyword_magic,2026-09,capture_month,provider_unspecified,provider_estimated_rolling_12_month_average,https://www.semrush.com/free-tools/keyword-tool/,long_tail_phrase,0,https://www.semrush.com/free-tools/keyword-tool/
cheat money dota 2,en,dota2-commands,informational,article_candidate,command_reference,,ambiguous_command_or_software,observed,Visible US Keyword Magic suggestion; reader intent still needs its own SERP validation,20,low,US,google,semrush_public_keyword_magic,2026-09,capture_month,provider_unspecified,provider_estimated_rolling_12_month_average,https://www.semrush.com/free-tools/keyword-tool/,long_tail_phrase,0,https://www.semrush.com/free-tools/keyword-tool/
cheating in dota 2,en,dota2-hub,transactional,product_access,verified_product_or_category,,mixed,observed,Visible US Keyword Magic suggestion; reader intent still needs its own SERP validation,20,low,US,google,semrush_public_keyword_magic,2026-09,capture_month,provider_unspecified,provider_estimated_rolling_12_month_average,https://www.semrush.com/free-tools/keyword-tool/,long_tail_phrase,0,https://www.semrush.com/free-tools/keyword-tool/
cheats dota 2 lobby,en,dota2-commands,informational,article_candidate,command_reference,,legitimate_commands,observed,Visible US Keyword Magic suggestion; reader intent still needs its own SERP validation,20,low,US,google,semrush_public_keyword_magic,2026-09,capture_month,provider_unspecified,provider_estimated_rolling_12_month_average,https://www.semrush.com/free-tools/keyword-tool/,long_tail_phrase,0,https://www.semrush.com/free-tools/keyword-tool/
cheats on dota 2,en,dota2-hub,transactional,product_access,verified_product_or_category,,mixed,observed,Visible US Keyword Magic suggestion; reader intent still needs its own SERP validation,20,low,US,google,semrush_public_keyword_magic,2026-09,capture_month,provider_unspecified,provider_estimated_rolling_12_month_average,https://www.semrush.com/free-tools/keyword-tool/,long_tail_phrase,0,https://www.semrush.com/free-tools/keyword-tool/
dota 2 anti cheat,en,dota2-hub,transactional,product_access,verified_product_or_category,,mixed,observed,Visible US Keyword Magic suggestion; reader intent still needs its own SERP validation,20,low,US,google,semrush_public_keyword_magic,2026-09,capture_month,provider_unspecified,provider_estimated_rolling_12_month_average,https://www.semrush.com/free-tools/keyword-tool/,long_tail_phrase,0,https://www.semrush.com/free-tools/keyword-tool/
dota 2 bot cheats,en,dota2-commands,informational,article_candidate,command_reference,,ambiguous_command_or_software,observed,Visible US Keyword Magic suggestion; reader intent still needs its own SERP validation,20,low,US,google,semrush_public_keyword_magic,2026-09,capture_month,provider_unspecified,provider_estimated_rolling_12_month_average,https://www.semrush.com/free-tools/keyword-tool/,long_tail_phrase,0,https://www.semrush.com/free-tools/keyword-tool/
dota 2 ward tracker cheat,en,dota2-ward-tracker,informational,article_candidate,section_of_dota2-maphack,,third_party_software,editorial_expansion,Editor-proposed query checked in Google; executing a search does not independently establish user demand. See raw/google-feature-intents.json.,,unknown,US,google,,,,,,,long_tail_phrase,1,
dota 2 script,en,dota2-scripts,transactional,product_access,verified_product_or_category,,third_party_software,editorial_expansion,Manually proposed variant; demand and synonym grouping remain unverified.,,unknown,US,google,,,,,,,head_or_mid_tail_phrase,0,
dota2 scripts,en,dota2-scripts,transactional,product_access,verified_product_or_category,,third_party_software,editorial_expansion,Manually proposed variant; demand and synonym grouping remain unverified.,,unknown,US,google,,,,,,,head_or_mid_tail_phrase,0,
dota 2 scripts free,en,dota2-scripts,transactional,product_access,verified_product_or_category,free,third_party_software,editorial_expansion,Manually proposed variant; demand and synonym grouping remain unverified.,,unknown,US,google,,,,,,,long_tail_phrase,0,
free dota 2 scripts,en,dota2-scripts,transactional,product_access,verified_product_or_category,free,third_party_software,editorial_expansion,Manually proposed variant; demand and synonym grouping remain unverified.,,unknown,US,google,,,,,,,long_tail_phrase,0,
dota 2 scripts download,en,dota2-scripts,transactional,product_access,verified_product_or_category,download,third_party_software,editorial_expansion,Manually proposed variant; demand and synonym grouping remain unverified.,,unknown,US,google,,,,,,,long_tail_phrase,0,
dota 2 scripts free download,en,dota2-scripts,transactional,product_access,verified_product_or_category,free | download,third_party_software,editorial_expansion,Manually proposed variant; demand and synonym grouping remain unverified.,,unknown,US,google,,,,,,,long_tail_phrase,0,
dota 2 hack scripts,en,dota2-scripts,transactional,product_access,verified_product_or_category,,third_party_software,editorial_expansion,Manually proposed variant; demand and synonym grouping remain unverified.,,unknown,US,google,,,,,,,long_tail_phrase,0,
dota 2 script hack,en,dota2-scripts,transactional,product_access,verified_product_or_category,,third_party_software,editorial_expansion,Manually proposed variant; demand and synonym grouping remain unverified.,,unknown,US,google,,,,,,,long_tail_phrase,0,
dota 2 script bot,en,dota2-scripts,transactional,ambiguous_research,intent_review,,third_party_software,observed,"Visible non-history autocomplete label; signed-in session, location unknown. No volume inferred. See raw/google-acquisition-observations.json.",,unknown,US,google,,,,,,,long_tail_phrase,0,https://www.google.com/search?q=dota+2+scripts&hl=en&gl=us&pws=0
dota 2 combo scripts,en,dota2-scripts,transactional,product_access,verified_product_or_category,,third_party_software,editorial_expansion,Manually proposed variant; demand and synonym grouping remain unverified.,,unknown,US,google,,,,,,,long_tail_phrase,0,
dota 2 auto combo script,en,dota2-scripts,transactional,product_access,verified_product_or_category,,third_party_software,editorial_expansion,Manually proposed variant; demand and synonym grouping remain unverified.,,unknown,US,google,,,,,,,long_tail_phrase,0,
dota 2 invoker script,en,dota2-invoker,transactional,product_access,verified_product_or_category,,third_party_software,editorial_expansion,Manually proposed variant; demand and synonym grouping remain unverified.,,unknown,US,google,,,,,,,long_tail_phrase,0,
dota 2 script invoker,en,dota2-invoker,transactional,product_access,verified_product_or_category,,third_party_software,observed,"Visible non-history autocomplete label; signed-in session, location unknown. No volume inferred. See raw/google-acquisition-observations.json.",,unknown,US,google,,,,,,,long_tail_phrase,0,https://www.google.com/search?q=dota+2+scripts&hl=en&gl=us&pws=0
invoker script free,en,dota2-invoker,transactional,product_access,verified_product_or_category,free,third_party_software,editorial_expansion,Manually proposed variant; demand and synonym grouping remain unverified.,,unknown,US,google,,,,,,,head_or_mid_tail_phrase,0,
dota 2 invoker script free,en,dota2-invoker,transactional,product_access,verified_product_or_category,free,third_party_software,editorial_expansion,Manually proposed variant; demand and synonym grouping remain unverified.,,unknown,US,google,,,,,,,long_tail_phrase,0,
invoker combo script,en,dota2-invoker,transactional,product_access,verified_product_or_category,,third_party_software,editorial_expansion,Manually proposed variant; demand and synonym grouping remain unverified.,,unknown,US,google,,,,,,,head_or_mid_tail_phrase,0,
invoker script vs macro,en,dota2-invoker,informational,article_candidate,section_of_dota2-scripts,vs,third_party_software,editorial_expansion,Manually proposed variant; demand and synonym grouping remain unverified.,,unknown,US,google,,,,,,,long_tail_phrase,0,
dota 2 meepo script,en,dota2-meepo,transactional,product_access,verified_product_or_category,,third_party_software,editorial_expansion,Manually proposed variant; demand and synonym grouping remain unverified.,,unknown,US,google,,,,,,,long_tail_phrase,0,
meepo script free,en,dota2-meepo,transactional,product_access,verified_product_or_category,free,third_party_software,editorial_expansion,Manually proposed variant; demand and synonym grouping remain unverified.,,unknown,US,google,,,,,,,head_or_mid_tail_phrase,0,
dota 2 meepo script free,en,dota2-meepo,transactional,product_access,verified_product_or_category,free,third_party_software,editorial_expansion,Manually proposed variant; demand and synonym grouping remain unverified.,,unknown,US,google,,,,,,,long_tail_phrase,0,
meepo auto poof script,en,dota2-meepo,transactional,product_access,verified_product_or_category,,third_party_software,editorial_expansion,Manually proposed variant; demand and synonym grouping remain unverified.,,unknown,US,google,,,,,,,long_tail_phrase,0,
meepo script vs macro,en,dota2-meepo,informational,article_candidate,section_of_dota2-scripts,vs,third_party_software,editorial_expansion,Manually proposed variant; demand and synonym grouping remain unverified.,,unknown,US,google,,,,,,,long_tail_phrase,0,
dota 2 map hack,en,dota2-maphack,transactional,product_access,verified_product_or_category,,third_party_software,editorial_expansion,Manually proposed variant; demand and synonym grouping remain unverified.,,unknown,US,google,,,,,,,long_tail_phrase,0,
dota2 maphack,en,dota2-maphack,transactional,product_access,verified_product_or_category,,third_party_software,editorial_expansion,Manually proposed variant; demand and synonym grouping remain unverified.,,unknown,US,google,,,,,,,head_or_mid_tail_phrase,0,
dota 2 maphack free,en,dota2-maphack,transactional,product_access,verified_product_or_category,free,third_party_software,editorial_expansion,Manually proposed variant; demand and synonym grouping remain unverified.,,unknown,US,google,,,,,,,long_tail_phrase,1,
free dota 2 maphack,en,dota2-maphack,transactional,product_access,verified_product_or_category,free,third_party_software,editorial_expansion,Manually proposed variant; demand and synonym grouping remain unverified.,,unknown,US,google,,,,,,,long_tail_phrase,0,
dota 2 maphack download,en,dota2-maphack,transactional,product_access,verified_product_or_category,download,third_party_software,editorial_expansion,Manually proposed variant; demand and synonym grouping remain unverified.,,unknown,US,google,,,,,,,long_tail_phrase,0,
dota 2 map hack free download,en,dota2-maphack,transactional,product_access,verified_product_or_category,free | download,third_party_software,editorial_expansion,Manually proposed variant; demand and synonym grouping remain unverified.,,unknown,US,google,,,,,,,long_tail_phrase,0,
dota 2 script map hack,en,dota2-maphack,transactional,product_access,verified_product_or_category,,third_party_software,observed,"Visible non-history autocomplete label; signed-in session, location unknown. No volume inferred. See raw/google-acquisition-observations.json.",,unknown,US,google,,,,,,,long_tail_phrase,0,https://www.google.com/search?q=dota+2+scripts&hl=en&gl=us&pws=0
dota 2 esp,en,dota2-maphack,transactional,product_access,verified_product_or_category,,third_party_software,editorial_expansion,Manually proposed variant; demand and synonym grouping remain unverified.,,unknown,US,google,,,,,,,head_or_mid_tail_phrase,0,
dota 2 fog of war hack,en,dota2-maphack,transactional,product_access,verified_product_or_category,,third_party_software,editorial_expansion,Manually proposed variant; demand and synonym grouping remain unverified.,,unknown,US,google,,,,,,,long_tail_phrase,0,
dota 2 enemy vision cheat,en,dota2-maphack,transactional,product_access,verified_product_or_category,,third_party_software,editorial_expansion,Manually proposed variant; demand and synonym grouping remain unverified.,,unknown,US,google,,,,,,,long_tail_phrase,0,
dota 2 enemy ward hack,en,dota2-ward-tracker,transactional,product_access,verified_product_or_category,,third_party_software,editorial_expansion,Manually proposed variant; demand and synonym grouping remain unverified.,,unknown,US,google,,,,,,,long_tail_phrase,0,
dota 2 ward detection cheat,en,dota2-ward-tracker,transactional,product_access,verified_product_or_category,,third_party_software,editorial_expansion,Manually proposed variant; demand and synonym grouping remain unverified.,,unknown,US,google,,,,,,,long_tail_phrase,0,
dota 2 roshan timer hack,en,dota2-roshan,transactional,product_access,verified_product_or_category,,third_party_software,editorial_expansion,Manually proposed variant; demand and synonym grouping remain unverified.,,unknown,US,google,,,,,,,long_tail_phrase,0,
dota 2 roshan tracker cheat,en,dota2-roshan,transactional,product_access,verified_product_or_category,,third_party_software,editorial_expansion,Manually proposed variant; demand and synonym grouping remain unverified.,,unknown,US,google,,,,,,,long_tail_phrase,0,
dota 2 roshan esp free,en,dota2-roshan,transactional,product_access,verified_product_or_category,free,third_party_software,editorial_expansion,Manually proposed variant; demand and synonym grouping remain unverified.,,unknown,US,google,,,,,,,long_tail_phrase,0,
dota 2 tp tracker cheat,en,dota2-teleport,transactional,product_access,verified_product_or_category,,third_party_software,editorial_expansion,Manually proposed variant; demand and synonym grouping remain unverified.,,unknown,US,google,,,,,,,long_tail_phrase,0,
dota 2 teleport preview cheat,en,dota2-teleport,transactional,product_access,verified_product_or_category,,third_party_software,editorial_expansion,Manually proposed variant; demand and synonym grouping remain unverified.,,unknown,US,google,,,,,,,long_tail_phrase,1,
dota 2 autododge,en,dota2-auto-dodge,transactional,product_access,verified_product_or_category,,third_party_software,editorial_expansion,Manually proposed variant; demand and synonym grouping remain unverified.,,unknown,US,google,,,,,,,head_or_mid_tail_phrase,0,
dota 2 auto dodge cheat,en,dota2-auto-dodge,transactional,product_access,verified_product_or_category,,third_party_software,editorial_expansion,Manually proposed variant; demand and synonym grouping remain unverified.,,unknown,US,google,,,,,,,long_tail_phrase,0,
dota 2 auto dodge script,en,dota2-auto-dodge,transactional,product_access,verified_product_or_category,,third_party_software,editorial_expansion,Manually proposed variant; demand and synonym grouping remain unverified.,,unknown,US,google,,,,,,,long_tail_phrase,0,
dota 2 auto dodge free,en,dota2-auto-dodge,transactional,product_access,verified_product_or_category,free,third_party_software,editorial_expansion,Manually proposed variant; demand and synonym grouping remain unverified.,,unknown,US,google,,,,,,,long_tail_phrase,0,
dota 2 dodger hack,en,dota2-auto-dodge,transactional,product_access,verified_product_or_category,,third_party_software,editorial_expansion,Manually proposed variant; demand and synonym grouping remain unverified.,,unknown,US,google,,,,,,,long_tail_phrase,0,
dota 2 auto dodge vs auto block,en,dota2-auto-dodge,informational,article_candidate,article_or_section,vs,third_party_software,editorial_expansion,Manually proposed variant; demand and synonym grouping remain unverified.,,unknown,US,google,,,,,,,long_tail_phrase,0,
dota 2 auto hex script,en,dota2-auto-dodge,transactional,product_access,verified_product_or_category,,third_party_software,editorial_expansion,Manually proposed variant; demand and synonym grouping remain unverified.,,unknown,US,google,,,,,,,long_tail_phrase,0,
dota 2 last hit script free,en,dota2-auto-last-hit,transactional,product_access,verified_product_or_category,free,third_party_software,editorial_expansion,Manually proposed variant; demand and synonym grouping remain unverified.,,unknown,US,google,,,,,,,long_tail_phrase,0,
dota 2 auto last hit cheat,en,dota2-auto-last-hit,transactional,product_access,verified_product_or_category,,third_party_software,editorial_expansion,Manually proposed variant; demand and synonym grouping remain unverified.,,unknown,US,google,,,,,,,long_tail_phrase,0,
dota 2 last hit hack,en,dota2-auto-last-hit,transactional,product_access,verified_product_or_category,,third_party_software,editorial_expansion,Manually proposed variant; demand and synonym grouping remain unverified.,,unknown,US,google,,,,,,,long_tail_phrase,0,
dota 2 last hit trainer vs script,en,dota2-auto-last-hit,informational,article_candidate,section_of_dota2-scripts,vs,third_party_software,editorial_expansion,Manually proposed variant; demand and synonym grouping remain unverified.,,unknown,US,google,,,,,,,long_tail_phrase,0,
dota 2 skin changer free,en,dota2-skin-changer,transactional,product_access,verified_product_or_category,free,third_party_software,editorial_expansion,Manually proposed variant; demand and synonym grouping remain unverified.,,unknown,US,google,,,,,,,long_tail_phrase,0,
free dota 2 skin changer,en,dota2-skin-changer,transactional,product_access,verified_product_or_category,free,third_party_software,editorial_expansion,Manually proposed variant; demand and synonym grouping remain unverified.,,unknown,US,google,,,,,,,long_tail_phrase,0,
dota 2 skin changer download,en,dota2-skin-changer,transactional,product_access,verified_product_or_category,download,third_party_software,editorial_expansion,Manually proposed variant; demand and synonym grouping remain unverified.,,unknown,US,google,,,,,,,long_tail_phrase,0,
dota 2 skin changer free download,en,dota2-skin-changer,transactional,product_access,verified_product_or_category,free | download,third_party_software,editorial_expansion,Manually proposed variant; demand and synonym grouping remain unverified.,,unknown,US,google,,,,,,,long_tail_phrase,0,
dota 2 script skin,en,dota2-skin-changer,transactional,product_access,verified_product_or_category,,third_party_software,observed,"Visible non-history autocomplete label; signed-in session, location unknown. No volume inferred. See raw/google-acquisition-observations.json.",,unknown,US,google,,,,,,,long_tail_phrase,0,https://www.google.com/search?q=dota+2+scripts&hl=en&gl=us&pws=0
dota2 skinchanger,en,dota2-skin-changer,transactional,product_access,verified_product_or_category,,third_party_software,editorial_expansion,Manually proposed variant; demand and synonym grouping remain unverified.,,unknown,US,google,,,,,,,head_or_mid_tail_phrase,0,
dota 2 inventory changer,en,dota2-skin-changer,transactional,product_access,verified_product_or_category,,third_party_software,editorial_expansion,Manually proposed variant; demand and synonym grouping remain unverified.,,unknown,US,google,,,,,,,long_tail_phrase,0,
dota 2 skin changer visible to others,en,dota2-skin-changer,informational,article_candidate,article_or_section,,third_party_software,editorial_expansion,Manually proposed variant; demand and synonym grouping remain unverified.,,unknown,US,google,,,,,,,long_tail_phrase,0,
free dota 2 cheats,en,dota2-free-download,transactional,product_access,verified_product_or_category,free,third_party_software,observed,"Exact normalized phrase found in captured publisher title, description or selected body; publisher wording is not demand, accuracy or availability evidence.",,unknown,US,google,,,,,,,long_tail_phrase,1,https://cheater.fun/cheats_for_dota2_download_hacks_free/
dota 2 cheats free,en,dota2-free-download,transactional,product_access,verified_product_or_category,free,third_party_software,observed,"Exact normalized phrase found in captured publisher title, description or selected body; publisher wording is not demand, accuracy or availability evidence.",,unknown,US,google,,,,,,,long_tail_phrase,0,https://cheater.fun/cheats_for_dota2_download_hacks_free/
dota 2 free cheats,en,dota2-free-download,transactional,product_access,verified_product_or_category,free,third_party_software,editorial_expansion,Manually proposed variant; demand and synonym grouping remain unverified.,,unknown,US,google,,,,,,,long_tail_phrase,0,
dota 2 cheat free,en,dota2-free-download,transactional,product_access,verified_product_or_category,free,third_party_software,observed,"Exact normalized phrase found in captured publisher title, description or selected body; publisher wording is not demand, accuracy or availability evidence.",,unknown,US,google,,,,,,,long_tail_phrase,0,https://cheater.fun/cheats_for_dota2_download_hacks_free/
free dota 2 hacks,en,dota2-free-download,transactional,product_access,verified_product_or_category,free,third_party_software,editorial_expansion,Manually proposed variant; demand and synonym grouping remain unverified.,,unknown,US,google,,,,,,,long_tail_phrase,0,
dota 2 hacks free,en,dota2-free-download,transactional,product_access,verified_product_or_category,free,third_party_software,editorial_expansion,Manually proposed variant; demand and synonym grouping remain unverified.,,unknown,US,google,,,,,,,long_tail_phrase,0,
dota 2 hack free,en,dota2-free-download,transactional,product_access,verified_product_or_category,free,third_party_software,editorial_expansion,Manually proposed variant; demand and synonym grouping remain unverified.,,unknown,US,google,,,,,,,long_tail_phrase,0,
dota 2 cheats download,en,dota2-free-download,transactional,product_access,verified_product_or_category,download,third_party_software,editorial_expansion,Manually proposed variant; demand and synonym grouping remain unverified.,,unknown,US,google,,,,,,,long_tail_phrase,0,
download dota 2 cheats,en,dota2-free-download,transactional,product_access,verified_product_or_category,download,third_party_software,observed,"Exact normalized phrase found in captured publisher title, description or selected body; publisher wording is not demand, accuracy or availability evidence.",,unknown,US,google,,,,,,,long_tail_phrase,0,https://cheater.fun/cheats_for_dota2_download_hacks_free/
dota 2 cheats free download,en,dota2-free-download,transactional,product_access,verified_product_or_category,free | download,third_party_software,editorial_expansion,Manually proposed variant; demand and synonym grouping remain unverified.,,unknown,US,google,,,,,,,long_tail_phrase,1,
free dota 2 cheats download,en,dota2-free-download,transactional,product_access,verified_product_or_category,free | download,third_party_software,editorial_expansion,Manually proposed variant; demand and synonym grouping remain unverified.,,unknown,US,google,,,,,,,long_tail_phrase,0,
dota 2 hack download,en,dota2-free-download,transactional,product_access,verified_product_or_category,download,third_party_software,editorial_expansion,Manually proposed variant; demand and synonym grouping remain unverified.,,unknown,US,google,,,,,,,long_tail_phrase,0,
dota 2 hacks free download,en,dota2-free-download,transactional,product_access,verified_product_or_category,free | download,third_party_software,editorial_expansion,Manually proposed variant; demand and synonym grouping remain unverified.,,unknown,US,google,,,,,,,long_tail_phrase,0,
best free dota 2 cheats,en,dota2-free-download,transactional,product_access,verified_product_or_category,free | best,third_party_software,editorial_expansion,Manually proposed variant; demand and synonym grouping remain unverified.,,unknown,US,google,,,,,,,long_tail_phrase,0,
dota 2 free cheat no subscription,en,dota2-free-download,transactional,product_access,verified_product_or_category,free,third_party_software,editorial_expansion,Manually proposed variant; demand and synonym grouping remain unverified.,,unknown,US,google,,,,,,,long_tail_phrase,0,
dota 2 scripts reddit,en,dota2-scripts,informational,community_research,discussion_or_navigation,reddit,third_party_software,observed,"Visible non-history autocomplete label; signed-in session, location unknown. No volume inferred. See raw/google-acquisition-observations.json.",,unknown,US,google,,,,,,,long_tail_phrase,0,https://www.google.com/search?q=dota+2+scripts&hl=en&gl=us&pws=0
dota 2 scripts github,en,dota2-scripts,informational,community_research,discussion_or_navigation,github,third_party_software,observed,"Visible non-history autocomplete label; signed-in session, location unknown. No volume inferred. See raw/google-acquisition-observations.json.",,unknown,US,google,,,,,,,long_tail_phrase,0,https://www.google.com/search?q=dota+2+scripts&hl=en&gl=us&pws=0
dota 2 lua scripts,en,dota2-scripts,informational,implementation_research,research_only_no_operational_article,,restricted_operational,observed,"Visible non-history autocomplete label; signed-in session, location unknown. No volume inferred. See raw/google-acquisition-observations.json.",,unknown,US,google,,,,,,,long_tail_phrase,0,https://www.google.com/search?q=dota+2+scripts&hl=en&gl=us&pws=0
dota 2 ahk scripts,en,dota2-scripts,informational,implementation_research,research_only_no_operational_article,,restricted_operational,observed,"Visible non-history autocomplete label; signed-in session, location unknown. No volume inferred. See raw/google-acquisition-observations.json.",,unknown,US,google,,,,,,,long_tail_phrase,0,https://www.google.com/search?q=dota+2+scripts&hl=en&gl=us&pws=0
dota2 cheats,en,dota2-hub,transactional,product_access,verified_product_or_category,,third_party_software,editorial_expansion,Manually proposed variant; demand and synonym grouping remain unverified.,,unknown,US,google,,,,,,,head_or_mid_tail_phrase,0,
dota2 hacks,en,dota2-hub,transactional,product_access,verified_product_or_category,,third_party_software,editorial_expansion,Manually proposed variant; demand and synonym grouping remain unverified.,,unknown,US,google,,,,,,,head_or_mid_tail_phrase,0,
dota 2 hack,en,dota2-hub,transactional,product_access,verified_product_or_category,,third_party_software,editorial_expansion,Manually proposed variant; demand and synonym grouping remain unverified.,,unknown,US,google,,,,,,,head_or_mid_tail_phrase,0,
dota 2 hacks,en,dota2-hub,transactional,product_access,verified_product_or_category,,third_party_software,editorial_expansion,Manually proposed variant; demand and synonym grouping remain unverified.,,unknown,US,google,,,,,,,head_or_mid_tail_phrase,0,
dota 2 cheat software,en,dota2-hub,transactional,product_access,verified_product_or_category,,third_party_software,editorial_expansion,Manually proposed variant; demand and synonym grouping remain unverified.,,unknown,US,google,,,,,,,long_tail_phrase,0,
dota 2 cheat features,en,dota2-hub,transactional,product_access,verified_product_or_category,,third_party_software,editorial_expansion,Manually proposed variant; demand and synonym grouping remain unverified.,,unknown,US,google,,,,,,,long_tail_phrase,0,
free vs paid dota 2 cheats,en,dota2-comparison,informational,article_candidate,article_or_section,free | paid | vs,third_party_software,editorial_expansion,Manually proposed variant; demand and synonym grouping remain unverified.,,unknown,US,google,,,,,,,long_tail_phrase,0,
dota 2 cheats free trial,en,dota2-comparison,transactional,product_access,verified_product_or_category,free | trial,third_party_software,editorial_expansion,Manually proposed variant; demand and synonym grouping remain unverified.,,unknown,US,google,,,,,,,long_tail_phrase,0,
dota 2 script free trial,en,dota2-comparison,transactional,product_access,verified_product_or_category,free | trial,third_party_software,editorial_expansion,Manually proposed variant; demand and synonym grouping remain unverified.,,unknown,US,google,,,,,,,long_tail_phrase,0,
dota 2 free cheat vs trial,en,dota2-comparison,informational,article_candidate,article_or_section,free | trial | vs,third_party_software,editorial_expansion,Manually proposed variant; demand and synonym grouping remain unverified.,,unknown,US,google,,,,,,,long_tail_phrase,0,
dota 2 cheat subscription,en,dota2-comparison,transactional,product_access,verified_product_or_category,,third_party_software,editorial_expansion,Manually proposed variant; demand and synonym grouping remain unverified.,,unknown,US,google,,,,,,,long_tail_phrase,0,
dota 2 cheat free version limitations,en,dota2-comparison,informational,article_candidate,article_or_section,free,third_party_software,editorial_expansion,Manually proposed variant; demand and synonym grouping remain unverified.,,unknown,US,google,,,,,,,long_tail_phrase,0,
