cluster_id,term,usage_note,origin,document_frequency,sources,evidence_scope
cs2-external,external,An architecture label in publisher copy; it does not establish safety or quality.,reviewed_vocabulary_observed_in_sample,3,https://cheatix.to/information/counter-strike-2/best-cheats | https://cs2-cheats.com/ | https://en.exloader.net/,"Occurrence in selected main text only; not search volume, a required phrase or a verified product capability. An optional reviewed source list limits ambiguous terms to the relevant context."
cs2-external,internal,Use only for the architecture distinction; omit implementation and evasion instructions.,reviewed_vocabulary_observed_in_sample,2,https://cheatix.to/information/counter-strike-2/best-cheats | https://en.exloader.net/,"Occurrence in selected main text only; not search volume, a required phrase or a verified product capability. An optional reviewed source list limits ambiguous terms to the relevant context."
cs2-external,compatibility,Name the documented game/version and check date; do not infer compatibility from a label.,reviewed_vocabulary_observed_in_sample,1,https://cheatix.to/information/counter-strike-2/best-cheats,"Occurrence in selected main text only; not search volume, a required phrase or a verified product capability. An optional reviewed source list limits ambiguous terms to the relevant context."
cs2-external,updates,Distinguish published update history from a promise about future patch speed.,reviewed_vocabulary_observed_in_sample,3,https://cheatix.to/information/counter-strike-2/best-cheats | https://cs2-cheats.com/ | https://en.exloader.net/,"Occurrence in selected main text only; not search volume, a required phrase or a verified product capability. An optional reviewed source list limits ambiguous terms to the relevant context."
cs2-external,overlay,Describe where information appears; an overlay label does not imply aiming or firing.,reviewed_vocabulary_observed_in_sample,1,https://cheatix.to/information/counter-strike-2/best-cheats,"Occurrence in selected main text only; not search volume, a required phrase or a verified product capability. An optional reviewed source list limits ambiguous terms to the relevant context."
cs2-external,support,Compare a documented channel or policy; do not invent response-time experience.,reviewed_vocabulary_observed_in_sample,3,https://cheatix.to/information/counter-strike-2/best-cheats | https://cs2-cheats.com/ | https://en.exloader.net/,"Occurrence in selected main text only; not search volume, a required phrase or a verified product capability. An optional reviewed source list limits ambiguous terms to the relevant context."
cs2-triggerbot,triggerbot,Separate the claimed firing action from aiming; compare the actual description.,reviewed_vocabulary_observed_in_sample,3,https://cheatix.to/information/counter-strike-2/best-cheats | https://cswatch.gg/blog/cs2-cheat-types-explained | https://steamreport.net/blog/cs2-cheating-types-explained,"Occurrence in selected main text only; not search volume, a required phrase or a verified product capability. An optional reviewed source list limits ambiguous terms to the relevant context."
cs2-triggerbot,aimbot,Identify the target and claimed aiming action; do not infer a complete feature specification.,reviewed_vocabulary_observed_in_sample,5,https://cheatix.to/information/counter-strike-2/best-cheats | https://cs2-cheats.com/ | https://cswatch.gg/blog/cs2-cheat-types-explained | https://en.exloader.net/ | https://steamreport.net/blog/cs2-cheating-types-explained,"Occurrence in selected main text only; not search volume, a required phrase or a verified product capability. An optional reviewed source list limits ambiguous terms to the relevant context."
cs2-triggerbot,crosshair,Use in a concrete target/action example without configuration instructions.,reviewed_vocabulary_observed_in_sample,2,https://cswatch.gg/blog/cs2-cheat-types-explained | https://steamreport.net/blog/cs2-cheating-types-explained,"Occurrence in selected main text only; not search volume, a required phrase or a verified product capability. An optional reviewed source list limits ambiguous terms to the relevant context."
cs2-triggerbot,target,"Specify the object involved, rather than treating every target as a player.",reviewed_vocabulary_observed_in_sample,2,https://cheatix.to/information/counter-strike-2/best-cheats | https://steamreport.net/blog/cs2-cheating-types-explained,"Occurrence in selected main text only; not search volume, a required phrase or a verified product capability. An optional reviewed source list limits ambiguous terms to the relevant context."
cs2-triggerbot,firing,Use for the action of a shot; separate it from movement of aim.,reviewed_vocabulary_observed_in_sample,1,https://cswatch.gg/blog/cs2-cheat-types-explained,"Occurrence in selected main text only; not search volume, a required phrase or a verified product capability. An optional reviewed source list limits ambiguous terms to the relevant context."
cs2-triggerbot,aim assist,A broad publisher label that needs an explicit action and target.,reviewed_vocabulary_observed_in_sample,2,https://cswatch.gg/blog/cs2-cheat-types-explained | https://en.exloader.net/,"Occurrence in selected main text only; not search volume, a required phrase or a verified product capability. An optional reviewed source list limits ambiguous terms to the relevant context."
cs2-esp,ESP,Use for an information-display claim; name what is displayed and where.,reviewed_vocabulary_observed_in_sample,5,https://chamscheats.com/counter-strike-2-aimbot-esp-wallhack-undetected/ | https://cheatix.to/information/counter-strike-2/best-cheats | https://cs2-cheats.com/ | https://en.exloader.net/ | https://www.gamer.ru/en/p/radar-khak-v-cs2-nevidimaya-ugroza-BEWc3dHWwnc0Z,"Occurrence in selected main text only; not search volume, a required phrase or a verified product capability. An optional reviewed source list limits ambiguous terms to the relevant context."
cs2-esp,radar,Describe the claimed map/display context separately from an in-world overlay.,reviewed_vocabulary_observed_in_sample,3,https://chamscheats.com/counter-strike-2-aimbot-esp-wallhack-undetected/ | https://cheatix.to/information/counter-strike-2/best-cheats | https://www.gamer.ru/en/p/radar-khak-v-cs2-nevidimaya-ugroza-BEWc3dHWwnc0Z,"Occurrence in selected main text only; not search volume, a required phrase or a verified product capability. An optional reviewed source list limits ambiguous terms to the relevant context."
cs2-esp,wallhack,Treat as a broad marketing/search label; do not assume it matches every ESP feature.,reviewed_vocabulary_observed_in_sample,3,https://chamscheats.com/counter-strike-2-aimbot-esp-wallhack-undetected/ | https://cheatix.to/information/counter-strike-2/best-cheats | https://cs2-cheats.com/,"Occurrence in selected main text only; not search volume, a required phrase or a verified product capability. An optional reviewed source list limits ambiguous terms to the relevant context."
cs2-esp,overlay,Describe where information appears; an overlay label does not imply aiming or firing.,reviewed_vocabulary_observed_in_sample,1,https://cheatix.to/information/counter-strike-2/best-cheats,"Occurrence in selected main text only; not search volume, a required phrase or a verified product capability. An optional reviewed source list limits ambiguous terms to the relevant context."
cs2-esp,visibility,State whose view is involved and which information is actually described.,reviewed_vocabulary_observed_in_sample,2,https://chamscheats.com/counter-strike-2-aimbot-esp-wallhack-undetected/ | https://cheatix.to/information/counter-strike-2/best-cheats,"Occurrence in selected main text only; not search volume, a required phrase or a verified product capability. An optional reviewed source list limits ambiguous terms to the relevant context."
cs2-esp,minimap,Specify the display location; it does not establish what hidden data is available.,editorial_concept_not_observed_in_sample,0,,"Occurrence in selected main text only; not search volume, a required phrase or a verified product capability. An optional reviewed source list limits ambiguous terms to the relevant context."
cs2-aimbot,aimbot,Identify the target and claimed aiming action; do not infer a complete feature specification.,reviewed_vocabulary_observed_in_sample,3,https://cheatix.to/information/counter-strike-2/best-cheats | https://cs2-cheats.com/ | https://en.exloader.net/,"Occurrence in selected main text only; not search volume, a required phrase or a verified product capability. An optional reviewed source list limits ambiguous terms to the relevant context."
cs2-aimbot,aim assist,A broad publisher label that needs an explicit action and target.,reviewed_vocabulary_observed_in_sample,1,https://en.exloader.net/,"Occurrence in selected main text only; not search volume, a required phrase or a verified product capability. An optional reviewed source list limits ambiguous terms to the relevant context."
cs2-aimbot,legitbot,Explain the naming ambiguity; the name is not evidence of safety or acceptability.,editorial_concept_not_observed_in_sample,0,,"Occurrence in selected main text only; not search volume, a required phrase or a verified product capability. An optional reviewed source list limits ambiguous terms to the relevant context."
cs2-aimbot,target,"Specify the object involved, rather than treating every target as a player.",reviewed_vocabulary_observed_in_sample,1,https://cheatix.to/information/counter-strike-2/best-cheats,"Occurrence in selected main text only; not search volume, a required phrase or a verified product capability. An optional reviewed source list limits ambiguous terms to the relevant context."
cs2-aimbot,crosshair,Use in a concrete target/action example without configuration instructions.,editorial_concept_not_observed_in_sample,0,,"Occurrence in selected main text only; not search volume, a required phrase or a verified product capability. An optional reviewed source list limits ambiguous terms to the relevant context."
cs2-aimbot,prediction,Attribute the specific prediction claim; do not supply implementation or success rates.,reviewed_vocabulary_observed_in_sample,1,https://cheatix.to/information/counter-strike-2/best-cheats,"Occurrence in selected main text only; not search volume, a required phrase or a verified product capability. An optional reviewed source list limits ambiguous terms to the relevant context."
cs2-skin-changer,skin changer,"Separate cosmetic appearance from ownership, transferability and what others see.",reviewed_vocabulary_observed_in_sample,4,https://cheatix.to/information/counter-strike-2/best-cheats | https://en.exloader.net/tree/modifications/sdk2changer/ | https://sellyourskins.com/blog/is-skin-changer-bannable/ | https://www.hotspawn.com/counter-strike/guide/are-cs2-skin-changers-bannable,"Occurrence in selected main text only; not search volume, a required phrase or a verified product capability. An optional reviewed source list limits ambiguous terms to the relevant context."
cs2-skin-changer,inventory changer,"A product label, not proof that transferable items have been acquired.",editorial_concept_not_observed_in_sample,0,,"Occurrence in selected main text only; not search volume, a required phrase or a verified product capability. An optional reviewed source list limits ambiguous terms to the relevant context."
cs2-skin-changer,inventory,Distinguish a local display from an account-owned item.,reviewed_vocabulary_observed_in_sample,2,https://en.exloader.net/tree/modifications/sdk2changer/ | https://sellyourskins.com/blog/is-skin-changer-bannable/,"Occurrence in selected main text only; not search volume, a required phrase or a verified product capability. An optional reviewed source list limits ambiguous terms to the relevant context."
cs2-skin-changer,cosmetic,Use for appearance; do not equate cosmetic-only marketing with a safety guarantee.,editorial_concept_not_observed_in_sample,0,,"Occurrence in selected main text only; not search volume, a required phrase or a verified product capability. An optional reviewed source list limits ambiguous terms to the relevant context."
cs2-skin-changer,client-side,Use only when the source states the display scope; do not generalize across products.,reviewed_vocabulary_observed_in_sample,1,https://www.hotspawn.com/counter-strike/guide/are-cs2-skin-changers-bannable,"Occurrence in selected main text only; not search volume, a required phrase or a verified product capability. An optional reviewed source list limits ambiguous terms to the relevant context."
cs2-skin-changer,trade,Treat transferability as a separate question requiring direct evidence.,reviewed_vocabulary_observed_in_sample,1,https://sellyourskins.com/blog/is-skin-changer-bannable/,"Occurrence in selected main text only; not search volume, a required phrase or a verified product capability. An optional reviewed source list limits ambiguous terms to the relevant context."
cs2-free-paid,free trial,State a verified duration and restrictions; never present it as permanent free access.,editorial_concept_not_observed_in_sample,0,,"Occurrence in selected main text only; not search volume, a required phrase or a verified product capability. An optional reviewed source list limits ambiguous terms to the relevant context."
cs2-free-paid,free version,"Use only for a verified free tier, with its actual limitations.",editorial_concept_not_observed_in_sample,0,,"Occurrence in selected main text only; not search volume, a required phrase or a verified product capability. An optional reviewed source list limits ambiguous terms to the relevant context."
cs2-free-paid,subscription,"Verify duration, renewal and current price before writing an offer.",reviewed_vocabulary_observed_in_sample,1,https://cheatix.to/information/counter-strike-2/best-cheats,"Occurrence in selected main text only; not search volume, a required phrase or a verified product capability. An optional reviewed source list limits ambiguous terms to the relevant context."
cs2-free-paid,limitations,Name a sourced limit or explicit unknown; do not invent a weakness.,reviewed_vocabulary_observed_in_sample,1,https://cheatix.to/information/counter-strike-2/best-cheats,"Occurrence in selected main text only; not search volume, a required phrase or a verified product capability. An optional reviewed source list limits ambiguous terms to the relevant context."
cs2-free-paid,support,Compare a documented channel or policy; do not invent response-time experience.,reviewed_vocabulary_observed_in_sample,1,https://cheatix.to/information/counter-strike-2/best-cheats,"Occurrence in selected main text only; not search volume, a required phrase or a verified product capability. An optional reviewed source list limits ambiguous terms to the relevant context."
cs2-free-paid,updates,Distinguish published update history from a promise about future patch speed.,reviewed_vocabulary_observed_in_sample,1,https://cheatix.to/information/counter-strike-2/best-cheats,"Occurrence in selected main text only; not search volume, a required phrase or a verified product capability. An optional reviewed source list limits ambiguous terms to the relevant context."
cs2-comparison,features,Break the list into comparable actions; a longer list does not prove better performance.,reviewed_vocabulary_observed_in_sample,3,https://cheatix.to/information/counter-strike-2/best-cheats | https://cs2-cheats.com/ | https://en.exloader.net/,"Occurrence in selected main text only; not search volume, a required phrase or a verified product capability. An optional reviewed source list limits ambiguous terms to the relevant context."
cs2-comparison,limitations,Name a sourced limit or explicit unknown; do not invent a weakness.,reviewed_vocabulary_observed_in_sample,1,https://cheatix.to/information/counter-strike-2/best-cheats,"Occurrence in selected main text only; not search volume, a required phrase or a verified product capability. An optional reviewed source list limits ambiguous terms to the relevant context."
cs2-comparison,support,Compare a documented channel or policy; do not invent response-time experience.,reviewed_vocabulary_observed_in_sample,3,https://cheatix.to/information/counter-strike-2/best-cheats | https://cs2-cheats.com/ | https://en.exloader.net/,"Occurrence in selected main text only; not search volume, a required phrase or a verified product capability. An optional reviewed source list limits ambiguous terms to the relevant context."
cs2-comparison,pricing,Use a dated first-party offer and disclose what period/currency it covers.,reviewed_vocabulary_observed_in_sample,1,https://cheatix.to/information/counter-strike-2/best-cheats,"Occurrence in selected main text only; not search volume, a required phrase or a verified product capability. An optional reviewed source list limits ambiguous terms to the relevant context."
cs2-comparison,updates,Distinguish published update history from a promise about future patch speed.,reviewed_vocabulary_observed_in_sample,3,https://cheatix.to/information/counter-strike-2/best-cheats | https://cs2-cheats.com/ | https://en.exloader.net/,"Occurrence in selected main text only; not search volume, a required phrase or a verified product capability. An optional reviewed source list limits ambiguous terms to the relevant context."
cs2-comparison,Cluster,"Mapped CS2/Deadlock product; its page is first-party evidence of stated scope, not an independent review.",editorial_concept_not_observed_in_sample,0,,"Occurrence in selected main text only; not search volume, a required phrase or a verified product capability. An optional reviewed source list limits ambiguous terms to the relevant context."
cs2-grenade-helper,grenade helper,"An umbrella feature name; clarify whether the page is a reference, predictor or software offer.",reviewed_vocabulary_observed_in_sample,2,https://anyx.gg/ | https://distort.wtf/features/cs2-grenade-helper,"Occurrence in selected main text only; not search volume, a required phrase or a verified product capability. An optional reviewed source list limits ambiguous terms to the relevant context."
cs2-grenade-helper,lineup,Use for a reference throw or a listed assistance feature; identify which format applies.,reviewed_vocabulary_observed_in_sample,2,https://distort.wtf/features/cs2-grenade-helper | https://scope.gg/grenade-predictor/,"Occurrence in selected main text only; not search volume, a required phrase or a verified product capability. An optional reviewed source list limits ambiguous terms to the relevant context."
cs2-grenade-helper,grenade predictor,Attribute the tool description and verify the supported game/version.,editorial_concept_not_observed_in_sample,0,,"Occurrence in selected main text only; not search volume, a required phrase or a verified product capability. An optional reviewed source list limits ambiguous terms to the relevant context."
cs2-grenade-helper,smoke,Use only where a concrete reference or example involves this utility type.,reviewed_vocabulary_observed_in_sample,3,https://cheatix.to/information/counter-strike-2/best-cheats | https://distort.wtf/features/cs2-grenade-helper | https://scope.gg/grenade-predictor/,"Occurrence in selected main text only; not search volume, a required phrase or a verified product capability. An optional reviewed source list limits ambiguous terms to the relevant context."
cs2-grenade-helper,practice,Keep ordinary training tasks distinct from third-party automation.,reviewed_vocabulary_observed_in_sample,2,https://distort.wtf/features/cs2-grenade-helper | https://scope.gg/grenade-predictor/,"Occurrence in selected main text only; not search volume, a required phrase or a verified product capability. An optional reviewed source list limits ambiguous terms to the relevant context."
cs2-grenade-helper,maps,Check the actual map coverage; do not copy old map lists as current support.,reviewed_vocabulary_observed_in_sample,4,https://cheatix.to/information/counter-strike-2/best-cheats | https://csnades.gg/ | https://distort.wtf/features/cs2-grenade-helper | https://scope.gg/grenade-predictor/,"Occurrence in selected main text only; not search volume, a required phrase or a verified product capability. An optional reviewed source list limits ambiguous terms to the relevant context."
cs2-status,status,Name the source and timestamp; distinguish product status from player tracking.,reviewed_vocabulary_observed_in_sample,1,https://cheatix.to/information/counter-strike-2/best-cheats,"Occurrence in selected main text only; not search volume, a required phrase or a verified product capability. An optional reviewed source list limits ambiguous terms to the relevant context."
cs2-status,detected,"Report only as a dated, attributed publisher status, not independent verification.",editorial_concept_not_observed_in_sample,0,,"Occurrence in selected main text only; not search volume, a required phrase or a verified product capability. An optional reviewed source list limits ambiguous terms to the relevant context."
cs2-status,undetected,Treat as a marketing/status claim with source and date; never as a guarantee.,reviewed_vocabulary_observed_in_sample,1,https://cheatix.to/information/counter-strike-2/best-cheats,"Occurrence in selected main text only; not search volume, a required phrase or a verified product capability. An optional reviewed source list limits ambiguous terms to the relevant context."
cs2-status,maintenance,Identify the documented service/update event and its date.,reviewed_vocabulary_observed_in_sample,1,https://cheatix.to/information/counter-strike-2/best-cheats,"Occurrence in selected main text only; not search volume, a required phrase or a verified product capability. An optional reviewed source list limits ambiguous terms to the relevant context."
cs2-status,updates,Distinguish published update history from a promise about future patch speed.,reviewed_vocabulary_observed_in_sample,1,https://cheatix.to/information/counter-strike-2/best-cheats,"Occurrence in selected main text only; not search volume, a required phrase or a verified product capability. An optional reviewed source list limits ambiguous terms to the relevant context."
cs2-status,ban,"Do not infer a ban rate, zero risk or evasion advice from isolated reports.",editorial_concept_not_observed_in_sample,0,,"Occurrence in selected main text only; not search volume, a required phrase or a verified product capability. An optional reviewed source list limits ambiguous terms to the relevant context."
cs2-commands,console,Refer to the built-in command interface in its supported game context.,reviewed_vocabulary_observed_in_sample,1,https://totalcsgo.com/commands,"Occurrence in selected main text only; not search volume, a required phrase or a verified product capability. An optional reviewed source list limits ambiguous terms to the relevant context."
cs2-commands,sv_cheats,"A command-reference lookup term; verify current syntax, effect and supported context before examples.",editorial_concept_not_observed_in_sample,0,,"Occurrence in selected main text only; not search volume, a required phrase or a verified product capability. An optional reviewed source list limits ambiguous terms to the relevant context."
cs2-commands,practice,Keep ordinary training tasks distinct from third-party automation.,editorial_concept_not_observed_in_sample,0,,"Occurrence in selected main text only; not search volume, a required phrase or a verified product capability. An optional reviewed source list limits ambiguous terms to the relevant context."
cs2-commands,server,Specify which controlled/practice context a command applies to.,editorial_concept_not_observed_in_sample,0,,"Occurrence in selected main text only; not search volume, a required phrase or a verified product capability. An optional reviewed source list limits ambiguous terms to the relevant context."
cs2-commands,commands,"Organize verified examples by task, effect and limits rather than a generic word list.",reviewed_vocabulary_observed_in_sample,1,https://totalcsgo.com/commands,"Occurrence in selected main text only; not search volume, a required phrase or a verified product capability. An optional reviewed source list limits ambiguous terms to the relevant context."
dota2-scripts,hero scripts,Identify the hero and advertised automation scope; no implementation or outcome promise.,reviewed_vocabulary_observed_in_sample,2,https://dotacheats.com/blog/dota-2-cheats-features-guide/ | https://umbrella-dota.com/en/scripts/,"Occurrence in selected main text only; not search volume, a required phrase or a verified product capability. An optional reviewed source list limits ambiguous terms to the relevant context."
dota2-scripts,macros,Distinguish repeating inputs from reacting to game state.,reviewed_vocabulary_observed_in_sample,1,https://umbrella-dota.com/en/scripts/,"Occurrence in selected main text only; not search volume, a required phrase or a verified product capability. An optional reviewed source list limits ambiguous terms to the relevant context."
dota2-scripts,bots,Separate community bot-development contexts from automation for a player.,reviewed_vocabulary_observed_in_sample,2,https://dotacheats.com/ | https://dotacheats.com/blog/dota-2-cheats-features-guide/,"Occurrence in selected main text only; not search volume, a required phrase or a verified product capability. An optional reviewed source list limits ambiguous terms to the relevant context."
dota2-scripts,automation,Name the decision or action claimed to be delegated.,reviewed_vocabulary_observed_in_sample,3,https://dotacheats.com/ | https://dotacheats.com/blog/dota-2-cheats-features-guide/ | https://umbrella-dota.com/en/scripts/,"Occurrence in selected main text only; not search volume, a required phrase or a verified product capability. An optional reviewed source list limits ambiguous terms to the relevant context."
dota2-scripts,Workshop,Attribute a specific listing and date; old listings do not prove current compatibility.,editorial_concept_not_observed_in_sample,0,,"Occurrence in selected main text only; not search volume, a required phrase or a verified product capability. An optional reviewed source list limits ambiguous terms to the relevant context."
dota2-scripts,custom lobby,State the supported practice/lobby context of any command example.,editorial_concept_not_observed_in_sample,0,,"Occurrence in selected main text only; not search volume, a required phrase or a verified product capability. An optional reviewed source list limits ambiguous terms to the relevant context."
dota2-invoker,Invoker,Use as a hero-specific example only where the source actually names this hero.,reviewed_vocabulary_observed_in_sample,4,https://dotacheats.com/ | https://dotacheats.com/blog/dota-2-cheats-features-guide/ | https://umbrella-dota.com/en/scripts/ | https://umbrella-dota.com/en/scripts/invoker/,"Occurrence in selected main text only; not search volume, a required phrase or a verified product capability. An optional reviewed source list limits ambiguous terms to the relevant context."
dota2-invoker,Combo Builder,Treat as a publisher feature label; do not assume equivalent scope in other products.,reviewed_vocabulary_observed_in_sample,1,https://umbrella-dota.com/en/scripts/invoker/,"Occurrence in selected main text only; not search volume, a required phrase or a verified product capability. An optional reviewed source list limits ambiguous terms to the relevant context."
dota2-invoker,Auto-Cataclysm,Use as a named vendor feature only where a direct source supports it; avoid execution instructions.,editorial_concept_not_observed_in_sample,0,,"Occurrence in selected main text only; not search volume, a required phrase or a verified product capability. An optional reviewed source list limits ambiguous terms to the relevant context."
dota2-invoker,hotkeys,Separate an input-layout topic from an automated decision.,reviewed_vocabulary_observed_in_sample,1,https://dotacheats.com/,"Occurrence in selected main text only; not search volume, a required phrase or a verified product capability. An optional reviewed source list limits ambiguous terms to the relevant context."
dota2-invoker,cooldown,Mention the relevant timing concept without inventing current numeric values.,reviewed_vocabulary_observed_in_sample,1,https://dotacheats.com/,"Occurrence in selected main text only; not search volume, a required phrase or a verified product capability. An optional reviewed source list limits ambiguous terms to the relevant context."
dota2-invoker,input sequence,Use to explain repeated inputs; it does not establish game-state awareness.,editorial_concept_not_observed_in_sample,0,,"Occurrence in selected main text only; not search volume, a required phrase or a verified product capability. An optional reviewed source list limits ambiguous terms to the relevant context."
dota2-meepo,Meepo,Separate the hero-control question from a claim that software chooses actions.,reviewed_vocabulary_observed_in_sample,1,https://umbrella-dota.com/en/scripts/meepo/,"Occurrence in selected main text only; not search volume, a required phrase or a verified product capability. An optional reviewed source list limits ambiguous terms to the relevant context."
dota2-meepo,clones,Name the controlled units in a sourced example; do not provide an automation recipe.,reviewed_vocabulary_observed_in_sample,1,https://umbrella-dota.com/en/scripts/meepo/,"Occurrence in selected main text only; not search volume, a required phrase or a verified product capability. An optional reviewed source list limits ambiguous terms to the relevant context."
dota2-meepo,control groups,"Use for the ordinary selection/control distinction, not an automation synonym.",editorial_concept_not_observed_in_sample,0,,"Occurrence in selected main text only; not search volume, a required phrase or a verified product capability. An optional reviewed source list limits ambiguous terms to the relevant context."
dota2-meepo,micro,Explain in plain language when needed: controlling multiple units or actions.,reviewed_vocabulary_observed_in_sample,1,https://dotacheats.com/blog/dota-2-cheats-features-guide/,"Occurrence in selected main text only; not search volume, a required phrase or a verified product capability. An optional reviewed source list limits ambiguous terms to the relevant context."
dota2-meepo,hero scripts,Identify the hero and advertised automation scope; no implementation or outcome promise.,reviewed_vocabulary_observed_in_sample,2,https://dotacheats.com/blog/dota-2-cheats-features-guide/ | https://umbrella-dota.com/en/scripts/,"Occurrence in selected main text only; not search volume, a required phrase or a verified product capability. An optional reviewed source list limits ambiguous terms to the relevant context."
dota2-meepo,target,"Specify the object involved, rather than treating every target as a player.",reviewed_vocabulary_observed_in_sample,3,https://dotacheats.com/ | https://dotacheats.com/blog/dota-2-cheats-features-guide/ | https://umbrella-dota.com/en/scripts/meepo/,"Occurrence in selected main text only; not search volume, a required phrase or a verified product capability. An optional reviewed source list limits ambiguous terms to the relevant context."
dota2-maphack,map hack,Publisher wording for information features; do not infer complete hidden-world knowledge.,reviewed_vocabulary_observed_in_sample,5,https://dota2cheat.net/guides/ | https://dotacheats.com/ | https://dotacheats.com/blog/dota-2-cheats-features-guide/ | https://uc.zone/en/dota2 | https://umbrella-dota.com/en/features/maphack/,"Occurrence in selected main text only; not search volume, a required phrase or a verified product capability. An optional reviewed source list limits ambiguous terms to the relevant context."
dota2-maphack,fog of war,Separate normal information visibility from a vendor claim about displayed information.,reviewed_vocabulary_observed_in_sample,1,https://umbrella-dota.com/en/features/maphack/,"Occurrence in selected main text only; not search volume, a required phrase or a verified product capability. An optional reviewed source list limits ambiguous terms to the relevant context."
dota2-maphack,minimap,Specify the display location; it does not establish what hidden data is available.,reviewed_vocabulary_observed_in_sample,2,https://dotacheats.com/ | https://umbrella-dota.com/en/features/maphack/,"Occurrence in selected main text only; not search volume, a required phrase or a verified product capability. An optional reviewed source list limits ambiguous terms to the relevant context."
dota2-maphack,ward,"Identify the tracked object and source; placement, detection and timers are different claims.",reviewed_vocabulary_observed_in_sample,3,https://dotacheats.com/ | https://dotacheats.com/blog/dota-2-cheats-features-guide/ | https://umbrella-dota.com/en/features/maphack/,"Occurrence in selected main text only; not search volume, a required phrase or a verified product capability. An optional reviewed source list limits ambiguous terms to the relevant context."
dota2-maphack,Roshan,"Separate a normal game-mechanic reference, timer and claimed information feature.",reviewed_vocabulary_observed_in_sample,2,https://uc.zone/en/dota2 | https://umbrella-dota.com/en/features/maphack/,"Occurrence in selected main text only; not search volume, a required phrase or a verified product capability. An optional reviewed source list limits ambiguous terms to the relevant context."
dota2-maphack,teleport,Distinguish ordinary teleport mechanics from a publisher feature label.,reviewed_vocabulary_observed_in_sample,1,https://umbrella-dota.com/en/features/maphack/,"Occurrence in selected main text only; not search volume, a required phrase or a verified product capability. An optional reviewed source list limits ambiguous terms to the relevant context."
dota2-maphack,ESP,Use for an information-display claim; name what is displayed and where.,reviewed_vocabulary_observed_in_sample,5,https://dota2cheat.net/guides/ | https://dotacheats.com/ | https://dotacheats.com/blog/dota-2-cheats-features-guide/ | https://en.exloader.net/tree/modifications/d2jsr/ | https://umbrella-dota.com/en/features/maphack/,"Occurrence in selected main text only; not search volume, a required phrase or a verified product capability. An optional reviewed source list limits ambiguous terms to the relevant context."
dota2-ward-tracker,ward tracker,"Separate tracking an event, a timer and revealing an object.",reviewed_vocabulary_observed_in_sample,1,https://umbrella-dota.com/en/features/maphack/,"Occurrence in selected main text only; not search volume, a required phrase or a verified product capability. An optional reviewed source list limits ambiguous terms to the relevant context."
dota2-ward-tracker,observer ward,Name the object precisely only when the relevant source supports it.,editorial_concept_not_observed_in_sample,0,,"Occurrence in selected main text only; not search volume, a required phrase or a verified product capability. An optional reviewed source list limits ambiguous terms to the relevant context."
dota2-ward-tracker,sentry ward,Do not assume identical support for different ward types.,editorial_concept_not_observed_in_sample,0,,"Occurrence in selected main text only; not search volume, a required phrase or a verified product capability. An optional reviewed source list limits ambiguous terms to the relevant context."
dota2-ward-tracker,timer,Name what starts the timer and what remains unknown; avoid unsupported current timings.,reviewed_vocabulary_observed_in_sample,2,https://dotacheats.com/ | https://umbrella-dota.com/en/features/maphack/,"Occurrence in selected main text only; not search volume, a required phrase or a verified product capability. An optional reviewed source list limits ambiguous terms to the relevant context."
dota2-ward-tracker,vision,State whose information is visible and on what basis.,reviewed_vocabulary_observed_in_sample,3,https://dotacheats.com/ | https://dotacheats.com/blog/dota-2-cheats-features-guide/ | https://umbrella-dota.com/en/features/maphack/,"Occurrence in selected main text only; not search volume, a required phrase or a verified product capability. An optional reviewed source list limits ambiguous terms to the relevant context."
dota2-roshan,Roshan,"Separate a normal game-mechanic reference, timer and claimed information feature.",reviewed_vocabulary_observed_in_sample,4,https://dota2tool.vercel.app/ | https://dotasense.com/guides/roshan-timer | https://uc.zone/en/dota2 | https://umbrella-dota.com/en/features/maphack/,"Occurrence in selected main text only; not search volume, a required phrase or a verified product capability. An optional reviewed source list limits ambiguous terms to the relevant context."
dota2-roshan,respawn,Use only with a verified mechanic/version or an explicitly uncertain timing window.,reviewed_vocabulary_observed_in_sample,2,https://dota2tool.vercel.app/ | https://dotasense.com/guides/roshan-timer,"Occurrence in selected main text only; not search volume, a required phrase or a verified product capability. An optional reviewed source list limits ambiguous terms to the relevant context."
dota2-roshan,timer,Name what starts the timer and what remains unknown; avoid unsupported current timings.,reviewed_vocabulary_observed_in_sample,4,https://dota2tool.vercel.app/ | https://dotacheats.com/ | https://dotasense.com/guides/roshan-timer | https://umbrella-dota.com/en/features/maphack/,"Occurrence in selected main text only; not search volume, a required phrase or a verified product capability. An optional reviewed source list limits ambiguous terms to the relevant context."
dota2-roshan,HP,A claimed value display is different from a countdown; attribute the feature.,reviewed_vocabulary_observed_in_sample,5,https://dotacheats.com/ | https://dotacheats.com/blog/dota-2-cheats-features-guide/ | https://uc.zone/en/dota2 | https://umbrella-dota.com/en/features/maphack/ | https://umbrella-dota.com/en/scripts/,"Occurrence in selected main text only; not search volume, a required phrase or a verified product capability. An optional reviewed source list limits ambiguous terms to the relevant context."
dota2-roshan,vision,State whose information is visible and on what basis.,reviewed_vocabulary_observed_in_sample,4,https://dotacheats.com/ | https://dotacheats.com/blog/dota-2-cheats-features-guide/ | https://dotasense.com/guides/roshan-timer | https://umbrella-dota.com/en/features/maphack/,"Occurrence in selected main text only; not search volume, a required phrase or a verified product capability. An optional reviewed source list limits ambiguous terms to the relevant context."
dota2-roshan,ESP,Use for an information-display claim; name what is displayed and where.,reviewed_vocabulary_observed_in_sample,4,https://dota2cheat.net/guides/ | https://dotacheats.com/ | https://dotacheats.com/blog/dota-2-cheats-features-guide/ | https://umbrella-dota.com/en/features/maphack/,"Occurrence in selected main text only; not search volume, a required phrase or a verified product capability. An optional reviewed source list limits ambiguous terms to the relevant context."
dota2-teleport,teleport preview,Explain which event or destination is claimed; not a substitute for a TP Scroll guide.,editorial_concept_not_observed_in_sample,0,,"Occurrence in selected main text only; not search volume, a required phrase or a verified product capability. An optional reviewed source list limits ambiguous terms to the relevant context."
dota2-teleport,teleport,Distinguish ordinary teleport mechanics from a publisher feature label.,editorial_concept_not_observed_in_sample,0,,"Occurrence in selected main text only; not search volume, a required phrase or a verified product capability. An optional reviewed source list limits ambiguous terms to the relevant context."
dota2-teleport,destination,"A destination claim needs its own source, separate from a teleport-event notice.",editorial_concept_not_observed_in_sample,0,,"Occurrence in selected main text only; not search volume, a required phrase or a verified product capability. An optional reviewed source list limits ambiguous terms to the relevant context."
dota2-teleport,cast,Use for the relevant event only; do not add trigger/configuration instructions.,reviewed_vocabulary_observed_in_sample,3,https://dotacheats.com/ | https://dotacheats.com/blog/dota-2-cheats-features-guide/ | https://umbrella-dota.com/en/scripts/,"Occurrence in selected main text only; not search volume, a required phrase or a verified product capability. An optional reviewed source list limits ambiguous terms to the relevant context."
dota2-teleport,visibility,State whose view is involved and which information is actually described.,editorial_concept_not_observed_in_sample,0,,"Occurrence in selected main text only; not search volume, a required phrase or a verified product capability. An optional reviewed source list limits ambiguous terms to the relevant context."
dota2-teleport,minimap,Specify the display location; it does not establish what hidden data is available.,reviewed_vocabulary_observed_in_sample,1,https://dotacheats.com/,"Occurrence in selected main text only; not search volume, a required phrase or a verified product capability. An optional reviewed source list limits ambiguous terms to the relevant context."
dota2-auto-dodge,Dodger,Attribute the named feature and documented scope; do not assume every projectile is covered.,reviewed_vocabulary_observed_in_sample,2,https://uc.zone/en/dota2 | https://umbrella-dota.com/en/features/dodger/,"Occurrence in selected main text only; not search volume, a required phrase or a verified product capability. An optional reviewed source list limits ambiguous terms to the relevant context."
dota2-auto-dodge,auto dodge,Clarify the claimed response and coverage without implementation details.,editorial_concept_not_observed_in_sample,0,,"Occurrence in selected main text only; not search volume, a required phrase or a verified product capability. An optional reviewed source list limits ambiguous terms to the relevant context."
dota2-auto-dodge,projectile,Name the target/event category only when the source supports the distinction.,reviewed_vocabulary_observed_in_sample,1,https://umbrella-dota.com/en/features/dodger/,"Occurrence in selected main text only; not search volume, a required phrase or a verified product capability. An optional reviewed source list limits ambiguous terms to the relevant context."
dota2-auto-dodge,reaction,Distinguish a claimed reaction from measured speed or reliability.,reviewed_vocabulary_observed_in_sample,2,https://dotacheats.com/blog/dota-2-cheats-features-guide/ | https://umbrella-dota.com/en/features/dodger/,"Occurrence in selected main text only; not search volume, a required phrase or a verified product capability. An optional reviewed source list limits ambiguous terms to the relevant context."
dota2-auto-dodge,movement,Separate displayed information from a movement/response claim.,reviewed_vocabulary_observed_in_sample,3,https://dotacheats.com/ | https://dotacheats.com/blog/dota-2-cheats-features-guide/ | https://umbrella-dota.com/en/features/dodger/,"Occurrence in selected main text only; not search volume, a required phrase or a verified product capability. An optional reviewed source list limits ambiguous terms to the relevant context."
dota2-auto-dodge,limitations,Name a sourced limit or explicit unknown; do not invent a weakness.,editorial_concept_not_observed_in_sample,0,,"Occurrence in selected main text only; not search volume, a required phrase or a verified product capability. An optional reviewed source list limits ambiguous terms to the relevant context."
dota2-skin-changer,skin changer,"Separate cosmetic appearance from ownership, transferability and what others see.",reviewed_vocabulary_observed_in_sample,3,https://dotacheats.com/ | https://dotacheats.com/blog/dota-2-cheats-features-guide/ | https://uc.zone/en/dota2,"Occurrence in selected main text only; not search volume, a required phrase or a verified product capability. An optional reviewed source list limits ambiguous terms to the relevant context."
dota2-skin-changer,inventory changer,"A product label, not proof that transferable items have been acquired.",editorial_concept_not_observed_in_sample,0,,"Occurrence in selected main text only; not search volume, a required phrase or a verified product capability. An optional reviewed source list limits ambiguous terms to the relevant context."
dota2-skin-changer,cosmetic,Use for appearance; do not equate cosmetic-only marketing with a safety guarantee.,reviewed_vocabulary_observed_in_sample,3,https://dotacheats.com/ | https://dotacheats.com/blog/dota-2-cheats-features-guide/ | https://metaskins.gg/en,"Occurrence in selected main text only; not search volume, a required phrase or a verified product capability. An optional reviewed source list limits ambiguous terms to the relevant context."
dota2-skin-changer,client-side,Use only when the source states the display scope; do not generalize across products.,reviewed_vocabulary_observed_in_sample,2,https://dotacheats.com/blog/dota-2-cheats-features-guide/ | https://metaskins.gg/en,"Occurrence in selected main text only; not search volume, a required phrase or a verified product capability. An optional reviewed source list limits ambiguous terms to the relevant context."
dota2-skin-changer,inventory,Distinguish a local display from an account-owned item.,reviewed_vocabulary_observed_in_sample,3,https://metaskins.gg/en | https://overplus.gg/en | https://uc.zone/en/dota2,"Occurrence in selected main text only; not search volume, a required phrase or a verified product capability. An optional reviewed source list limits ambiguous terms to the relevant context."
dota2-skin-changer,trade,Treat transferability as a separate question requiring direct evidence.,editorial_concept_not_observed_in_sample,0,,"Occurrence in selected main text only; not search volume, a required phrase or a verified product capability. An optional reviewed source list limits ambiguous terms to the relevant context."
dota2-comparison,Melonity,Mapped Dota 2 product; attribute its statements and disclose commercial context when applicable.,reviewed_vocabulary_observed_in_sample,1,https://umbrella-dota.com/en/blog/melonity-vs-umbrella/,"Occurrence in selected main text only; not search volume, a required phrase or a verified product capability. An optional reviewed source list limits ambiguous terms to the relevant context."
dota2-comparison,Umbrella,"A competitor to compare by symmetric documented criteria, without invented testing.",reviewed_vocabulary_observed_in_sample,3,https://uc.zone/en/dota2 | https://umbrella-dota.com/en/blog/melonity-vs-umbrella/ | https://umbrella-dota.com/en/scripts/,"Occurrence in selected main text only; not search volume, a required phrase or a verified product capability. An optional reviewed source list limits ambiguous terms to the relevant context."
dota2-comparison,Octarine,Use the current first-party feature/offer source; unavailable information stays unknown.,editorial_concept_not_observed_in_sample,0,,"Occurrence in selected main text only; not search volume, a required phrase or a verified product capability. An optional reviewed source list limits ambiguous terms to the relevant context."
dota2-comparison,hero scripts,Identify the hero and advertised automation scope; no implementation or outcome promise.,reviewed_vocabulary_observed_in_sample,3,https://dotacheats.com/blog/dota-2-cheats-features-guide/ | https://umbrella-dota.com/en/blog/melonity-vs-umbrella/ | https://umbrella-dota.com/en/scripts/,"Occurrence in selected main text only; not search volume, a required phrase or a verified product capability. An optional reviewed source list limits ambiguous terms to the relevant context."
dota2-comparison,free trial,State a verified duration and restrictions; never present it as permanent free access.,reviewed_vocabulary_observed_in_sample,1,https://uc.zone/en/dota2,"Occurrence in selected main text only; not search volume, a required phrase or a verified product capability. An optional reviewed source list limits ambiguous terms to the relevant context."
dota2-comparison,support,Compare a documented channel or policy; do not invent response-time experience.,reviewed_vocabulary_observed_in_sample,5,https://dota2cheat.net/guides/ | https://dotacheats.com/ | https://dotacheats.com/blog/dota-2-cheats-features-guide/ | https://uc.zone/en/dota2 | https://umbrella-dota.com/en/blog/melonity-vs-umbrella/,"Occurrence in selected main text only; not search volume, a required phrase or a verified product capability. An optional reviewed source list limits ambiguous terms to the relevant context."
dota2-comparison,pricing,Use a dated first-party offer and disclose what period/currency it covers.,reviewed_vocabulary_observed_in_sample,3,https://dota2cheat.net/guides/ | https://dotacheats.com/ | https://umbrella-dota.com/en/blog/melonity-vs-umbrella/,"Occurrence in selected main text only; not search volume, a required phrase or a verified product capability. An optional reviewed source list limits ambiguous terms to the relevant context."
dota2-auto-last-hit,last hit,Separate training for the task from software claimed to perform it.,reviewed_vocabulary_observed_in_sample,3,https://dota2cheat.net/guides/ | https://uc.zone/en/dota2 | https://umbrella-dota.com/en/scripts/,"Occurrence in selected main text only; not search volume, a required phrase or a verified product capability. An optional reviewed source list limits ambiguous terms to the relevant context."
dota2-auto-last-hit,deny,Name the specific resource/action context; do not infer support from an aimbot label.,editorial_concept_not_observed_in_sample,0,,"Occurrence in selected main text only; not search volume, a required phrase or a verified product capability. An optional reviewed source list limits ambiguous terms to the relevant context."
dota2-auto-last-hit,lane,Use for a relevant gameplay example; avoid unrelated meta or build advice.,reviewed_vocabulary_observed_in_sample,2,https://dotacheats.com/ | https://dotacheats.com/blog/dota-2-cheats-features-guide/,"Occurrence in selected main text only; not search volume, a required phrase or a verified product capability. An optional reviewed source list limits ambiguous terms to the relevant context."
dota2-auto-last-hit,timing,Describe the decision point without unsupported numerical precision.,reviewed_vocabulary_observed_in_sample,2,https://dotacheats.com/ | https://dotacheats.com/blog/dota-2-cheats-features-guide/,"Occurrence in selected main text only; not search volume, a required phrase or a verified product capability. An optional reviewed source list limits ambiguous terms to the relevant context."
dota2-auto-last-hit,training,Identify what the reader practises and what feedback the tool provides.,editorial_concept_not_observed_in_sample,0,,"Occurrence in selected main text only; not search volume, a required phrase or a verified product capability. An optional reviewed source list limits ambiguous terms to the relevant context."
dota2-auto-last-hit,automation,Name the decision or action claimed to be delegated.,reviewed_vocabulary_observed_in_sample,3,https://dotacheats.com/ | https://dotacheats.com/blog/dota-2-cheats-features-guide/ | https://umbrella-dota.com/en/scripts/,"Occurrence in selected main text only; not search volume, a required phrase or a verified product capability. An optional reviewed source list limits ambiguous terms to the relevant context."
dota2-commands,custom lobby,State the supported practice/lobby context of any command example.,editorial_concept_not_observed_in_sample,0,,"Occurrence in selected main text only; not search volume, a required phrase or a verified product capability. An optional reviewed source list limits ambiguous terms to the relevant context."
dota2-commands,console,Refer to the built-in command interface in its supported game context.,editorial_concept_not_observed_in_sample,0,,"Occurrence in selected main text only; not search volume, a required phrase or a verified product capability. An optional reviewed source list limits ambiguous terms to the relevant context."
dota2-commands,commands,"Organize verified examples by task, effect and limits rather than a generic word list.",editorial_concept_not_observed_in_sample,0,,"Occurrence in selected main text only; not search volume, a required phrase or a verified product capability. An optional reviewed source list limits ambiguous terms to the relevant context."
dota2-commands,practice,Keep ordinary training tasks distinct from third-party automation.,editorial_concept_not_observed_in_sample,0,,"Occurrence in selected main text only; not search volume, a required phrase or a verified product capability. An optional reviewed source list limits ambiguous terms to the relevant context."
dota2-commands,bots,Separate community bot-development contexts from automation for a player.,editorial_concept_not_observed_in_sample,0,,"Occurrence in selected main text only; not search volume, a required phrase or a verified product capability. An optional reviewed source list limits ambiguous terms to the relevant context."
deadlock-auto-parry,auto parry,Separate the ordinary parry mechanic from a claimed automated response.,reviewed_vocabulary_observed_in_sample,3,https://avalan.cc/ | https://forgecheats.com/en/game/deadlock/ | https://tsuki.gg/products/deadlock/features,"Occurrence in selected main text only; not search volume, a required phrase or a verified product capability. An optional reviewed source list limits ambiguous terms to the relevant context."
deadlock-auto-parry,parry,Explain the mechanic with a current source; do not invent a timing window.,reviewed_vocabulary_observed_in_sample,4,https://avalan.cc/ | https://deadlock.io/en/mechanics/parry | https://forgecheats.com/en/game/deadlock/ | https://tsuki.gg/products/deadlock/features,"Occurrence in selected main text only; not search volume, a required phrase or a verified product capability. An optional reviewed source list limits ambiguous terms to the relevant context."
deadlock-auto-parry,melee,Use when identifying the action involved in a parry claim.,reviewed_vocabulary_observed_in_sample,3,https://deadlock.io/en/mechanics/parry | https://deadlock.wiki/Console_commands | https://tsuki.gg/products/deadlock/features,"Occurrence in selected main text only; not search volume, a required phrase or a verified product capability. An optional reviewed source list limits ambiguous terms to the relevant context."
deadlock-auto-parry,timing,Describe the decision point without unsupported numerical precision.,reviewed_vocabulary_observed_in_sample,1,https://tsuki.gg/products/deadlock/features,"Occurrence in selected main text only; not search volume, a required phrase or a verified product capability. An optional reviewed source list limits ambiguous terms to the relevant context."
deadlock-auto-parry,reaction,Distinguish a claimed reaction from measured speed or reliability.,reviewed_vocabulary_observed_in_sample,3,https://avalan.cc/ | https://forgecheats.com/en/game/deadlock/ | https://tsuki.gg/products/deadlock/features,"Occurrence in selected main text only; not search volume, a required phrase or a verified product capability. An optional reviewed source list limits ambiguous terms to the relevant context."
deadlock-auto-parry,counterplay,"Use only for evidence-backed ordinary game mechanics, not circumvention.",editorial_concept_not_observed_in_sample,0,,"Occurrence in selected main text only; not search volume, a required phrase or a verified product capability. An optional reviewed source list limits ambiguous terms to the relevant context."
deadlock-souls,soul orb,Identify the resource target separately from an enemy hero.,reviewed_vocabulary_observed_in_sample,2,https://avalan.cc/features | https://tsuki.gg/products/deadlock/features,"Occurrence in selected main text only; not search volume, a required phrase or a verified product capability. An optional reviewed source list limits ambiguous terms to the relevant context."
deadlock-souls,soul aimbot,Use for the claimed soul-aiming action; do not infer firing or display support.,reviewed_vocabulary_observed_in_sample,1,https://tsuki.gg/products/deadlock/features,"Occurrence in selected main text only; not search volume, a required phrase or a verified product capability. An optional reviewed source list limits ambiguous terms to the relevant context."
deadlock-souls,soul triggerbot,Compare the publisher verbs: some descriptions combine aiming and firing.,reviewed_vocabulary_observed_in_sample,3,https://avalan.cc/ | https://avalan.cc/features | https://tsuki.gg/products/deadlock/features,"Occurrence in selected main text only; not search volume, a required phrase or a verified product capability. An optional reviewed source list limits ambiguous terms to the relevant context."
deadlock-souls,soul ESP,Use for soul information/highlighting; do not infer aim or firing.,reviewed_vocabulary_observed_in_sample,2,https://avalan.cc/features | https://forgecheats.com/en/game/deadlock/,"Occurrence in selected main text only; not search volume, a required phrase or a verified product capability. An optional reviewed source list limits ambiguous terms to the relevant context."
deadlock-souls,secure,"Keep the soul-resource context explicit; do not match this to payment security. Observed-source matching is limited to the reviewed Tsuki soul-target context; payment, build security and Secure Boot occurrences are excluded.",reviewed_vocabulary_observed_in_sample,1,https://tsuki.gg/products/deadlock/features,"Occurrence in selected main text only; not search volume, a required phrase or a verified product capability. An optional reviewed source list limits ambiguous terms to the relevant context."
deadlock-souls,deny,Name the specific resource/action context; do not infer support from an aimbot label.,reviewed_vocabulary_observed_in_sample,1,https://tsuki.gg/products/deadlock/features,"Occurrence in selected main text only; not search volume, a required phrase or a verified product capability. An optional reviewed source list limits ambiguous terms to the relevant context."
deadlock-souls,target,"Specify the object involved, rather than treating every target as a player.",reviewed_vocabulary_observed_in_sample,7,https://avalan.cc/ | https://avalan.cc/features | https://cheatstore.net/deadlock/triggerbot | https://deadlock.wiki/Console_commands | https://forgecheats.com/en/game/deadlock/ | https://tsuki.gg/products/deadlock/features | https://uc.zone/en/deadlock,"Occurrence in selected main text only; not search volume, a required phrase or a verified product capability. An optional reviewed source list limits ambiguous terms to the relevant context."
deadlock-esp,ESP,Use for an information-display claim; name what is displayed and where.,reviewed_vocabulary_observed_in_sample,3,https://avalan.cc/ | https://forgecheats.com/en/game/deadlock/ | https://uc.zone/en/deadlock,"Occurrence in selected main text only; not search volume, a required phrase or a verified product capability. An optional reviewed source list limits ambiguous terms to the relevant context."
deadlock-esp,radar,Describe the claimed map/display context separately from an in-world overlay.,reviewed_vocabulary_observed_in_sample,1,https://forgecheats.com/en/game/deadlock/,"Occurrence in selected main text only; not search volume, a required phrase or a verified product capability. An optional reviewed source list limits ambiguous terms to the relevant context."
deadlock-esp,overlay,Describe where information appears; an overlay label does not imply aiming or firing.,reviewed_vocabulary_observed_in_sample,1,https://forgecheats.com/en/game/deadlock/,"Occurrence in selected main text only; not search volume, a required phrase or a verified product capability. An optional reviewed source list limits ambiguous terms to the relevant context."
deadlock-esp,visibility,State whose view is involved and which information is actually described.,reviewed_vocabulary_observed_in_sample,1,https://forgecheats.com/en/game/deadlock/,"Occurrence in selected main text only; not search volume, a required phrase or a verified product capability. An optional reviewed source list limits ambiguous terms to the relevant context."
deadlock-esp,minimap,Specify the display location; it does not establish what hidden data is available.,reviewed_vocabulary_observed_in_sample,2,https://deadlock.wiki/Console_commands | https://forgecheats.com/en/game/deadlock/,"Occurrence in selected main text only; not search volume, a required phrase or a verified product capability. An optional reviewed source list limits ambiguous terms to the relevant context."
deadlock-esp,target,"Specify the object involved, rather than treating every target as a player.",reviewed_vocabulary_observed_in_sample,4,https://avalan.cc/ | https://deadlock.wiki/Console_commands | https://forgecheats.com/en/game/deadlock/ | https://uc.zone/en/deadlock,"Occurrence in selected main text only; not search volume, a required phrase or a verified product capability. An optional reviewed source list limits ambiguous terms to the relevant context."
deadlock-aimbot,aimbot,Identify the target and claimed aiming action; do not infer a complete feature specification.,reviewed_vocabulary_observed_in_sample,3,https://avalan.cc/ | https://forgecheats.com/en/game/deadlock/ | https://uc.zone/en/deadlock,"Occurrence in selected main text only; not search volume, a required phrase or a verified product capability. An optional reviewed source list limits ambiguous terms to the relevant context."
deadlock-aimbot,target,"Specify the object involved, rather than treating every target as a player.",reviewed_vocabulary_observed_in_sample,4,https://avalan.cc/ | https://deadlock.wiki/Console_commands | https://forgecheats.com/en/game/deadlock/ | https://uc.zone/en/deadlock,"Occurrence in selected main text only; not search volume, a required phrase or a verified product capability. An optional reviewed source list limits ambiguous terms to the relevant context."
deadlock-aimbot,projectile,Name the target/event category only when the source supports the distinction.,reviewed_vocabulary_observed_in_sample,2,https://avalan.cc/ | https://forgecheats.com/en/game/deadlock/,"Occurrence in selected main text only; not search volume, a required phrase or a verified product capability. An optional reviewed source list limits ambiguous terms to the relevant context."
deadlock-aimbot,prediction,Attribute the specific prediction claim; do not supply implementation or success rates.,reviewed_vocabulary_observed_in_sample,1,https://forgecheats.com/en/game/deadlock/,"Occurrence in selected main text only; not search volume, a required phrase or a verified product capability. An optional reviewed source list limits ambiguous terms to the relevant context."
deadlock-aimbot,crosshair,Use in a concrete target/action example without configuration instructions.,reviewed_vocabulary_observed_in_sample,3,https://avalan.cc/ | https://deadlock.wiki/Console_commands | https://forgecheats.com/en/game/deadlock/,"Occurrence in selected main text only; not search volume, a required phrase or a verified product capability. An optional reviewed source list limits ambiguous terms to the relevant context."
deadlock-aimbot,soul orb,Identify the resource target separately from an enemy hero.,editorial_concept_not_observed_in_sample,0,,"Occurrence in selected main text only; not search volume, a required phrase or a verified product capability. An optional reviewed source list limits ambiguous terms to the relevant context."
deadlock-fov,FOV,State whether the context is camera view or the aiming feature.,reviewed_vocabulary_observed_in_sample,4,https://avalan.cc/ | https://forgecheats.com/en/game/deadlock/ | https://tsuki.gg/scripts/deadlock/aimed-fov | https://uc.zone/en/deadlock,"Occurrence in selected main text only; not search volume, a required phrase or a verified product capability. An optional reviewed source list limits ambiguous terms to the relevant context."
deadlock-fov,field of view,"A term needing context, not proof that camera and aim settings are interchangeable.",reviewed_vocabulary_observed_in_sample,1,https://uc.zone/en/deadlock,"Occurrence in selected main text only; not search volume, a required phrase or a verified product capability. An optional reviewed source list limits ambiguous terms to the relevant context."
deadlock-fov,camera,Keep ordinary camera/view questions separate from software aiming scope.,editorial_concept_not_observed_in_sample,0,,"Occurrence in selected main text only; not search volume, a required phrase or a verified product capability. An optional reviewed source list limits ambiguous terms to the relevant context."
deadlock-fov,aimbot,Identify the target and claimed aiming action; do not infer a complete feature specification.,reviewed_vocabulary_observed_in_sample,4,https://avalan.cc/ | https://forgecheats.com/en/game/deadlock/ | https://tsuki.gg/scripts/deadlock/aimed-fov | https://uc.zone/en/deadlock,"Occurrence in selected main text only; not search volume, a required phrase or a verified product capability. An optional reviewed source list limits ambiguous terms to the relevant context."
deadlock-fov,target,"Specify the object involved, rather than treating every target as a player.",reviewed_vocabulary_observed_in_sample,4,https://avalan.cc/ | https://deadlock.wiki/Console_commands | https://forgecheats.com/en/game/deadlock/ | https://uc.zone/en/deadlock,"Occurrence in selected main text only; not search volume, a required phrase or a verified product capability. An optional reviewed source list limits ambiguous terms to the relevant context."
deadlock-combos,hero,Identify a supported hero only from current documentation; no mass hero-page expansion.,reviewed_vocabulary_observed_in_sample,4,https://avalan.cc/ | https://deadlock.io/en/mechanics/parry | https://deadlock.wiki/Console_commands | https://forgecheats.com/en/game/deadlock/,"Occurrence in selected main text only; not search volume, a required phrase or a verified product capability. An optional reviewed source list limits ambiguous terms to the relevant context."
deadlock-combos,combo,Separate an ordinary sequence or synergy guide from an automation specification.,reviewed_vocabulary_observed_in_sample,1,https://uc.zone/en/deadlock,"Occurrence in selected main text only; not search volume, a required phrase or a verified product capability. An optional reviewed source list limits ambiguous terms to the relevant context."
deadlock-combos,ability,Name only documented coverage; a generic feature label does not cover all abilities.,reviewed_vocabulary_observed_in_sample,3,https://avalan.cc/ | https://deadlock.wiki/Console_commands | https://forgecheats.com/en/game/deadlock/,"Occurrence in selected main text only; not search volume, a required phrase or a verified product capability. An optional reviewed source list limits ambiguous terms to the relevant context."
deadlock-combos,cooldown,Mention the relevant timing concept without inventing current numeric values.,reviewed_vocabulary_observed_in_sample,3,https://deadlock.io/en/mechanics/parry | https://deadlock.wiki/Console_commands | https://forgecheats.com/en/game/deadlock/,"Occurrence in selected main text only; not search volume, a required phrase or a verified product capability. An optional reviewed source list limits ambiguous terms to the relevant context."
deadlock-combos,target,"Specify the object involved, rather than treating every target as a player.",reviewed_vocabulary_observed_in_sample,4,https://avalan.cc/ | https://deadlock.wiki/Console_commands | https://forgecheats.com/en/game/deadlock/ | https://uc.zone/en/deadlock,"Occurrence in selected main text only; not search volume, a required phrase or a verified product capability. An optional reviewed source list limits ambiguous terms to the relevant context."
deadlock-combos,automation,Name the decision or action claimed to be delegated.,reviewed_vocabulary_observed_in_sample,1,https://avalan.cc/,"Occurrence in selected main text only; not search volume, a required phrase or a verified product capability. An optional reviewed source list limits ambiguous terms to the relevant context."
deadlock-dodger,auto dodge,Clarify the claimed response and coverage without implementation details.,reviewed_vocabulary_observed_in_sample,1,https://forgecheats.com/en/game/deadlock/,"Occurrence in selected main text only; not search volume, a required phrase or a verified product capability. An optional reviewed source list limits ambiguous terms to the relevant context."
deadlock-dodger,projectile,Name the target/event category only when the source supports the distinction.,reviewed_vocabulary_observed_in_sample,2,https://avalan.cc/ | https://forgecheats.com/en/game/deadlock/,"Occurrence in selected main text only; not search volume, a required phrase or a verified product capability. An optional reviewed source list limits ambiguous terms to the relevant context."
deadlock-dodger,reaction,Distinguish a claimed reaction from measured speed or reliability.,reviewed_vocabulary_observed_in_sample,2,https://avalan.cc/ | https://forgecheats.com/en/game/deadlock/,"Occurrence in selected main text only; not search volume, a required phrase or a verified product capability. An optional reviewed source list limits ambiguous terms to the relevant context."
deadlock-dodger,movement,Separate displayed information from a movement/response claim.,reviewed_vocabulary_observed_in_sample,2,https://deadlock.wiki/Console_commands | https://forgecheats.com/en/game/deadlock/,"Occurrence in selected main text only; not search volume, a required phrase or a verified product capability. An optional reviewed source list limits ambiguous terms to the relevant context."
deadlock-dodger,ability,Name only documented coverage; a generic feature label does not cover all abilities.,reviewed_vocabulary_observed_in_sample,3,https://avalan.cc/ | https://deadlock.wiki/Console_commands | https://forgecheats.com/en/game/deadlock/,"Occurrence in selected main text only; not search volume, a required phrase or a verified product capability. An optional reviewed source list limits ambiguous terms to the relevant context."
deadlock-dodger,limitations,Name a sourced limit or explicit unknown; do not invent a weakness.,editorial_concept_not_observed_in_sample,0,,"Occurrence in selected main text only; not search volume, a required phrase or a verified product capability. An optional reviewed source list limits ambiguous terms to the relevant context."
deadlock-comparison,Cluster,"Mapped CS2/Deadlock product; its page is first-party evidence of stated scope, not an independent review.",editorial_concept_not_observed_in_sample,0,,"Occurrence in selected main text only; not search volume, a required phrase or a verified product capability. An optional reviewed source list limits ambiguous terms to the relevant context."
deadlock-comparison,Tsuki,"Compare the exact public wording, not a presumed standardized feature name.",editorial_concept_not_observed_in_sample,0,,"Occurrence in selected main text only; not search volume, a required phrase or a verified product capability. An optional reviewed source list limits ambiguous terms to the relevant context."
deadlock-comparison,Avalanche,Use the observed feature source and distinguish a description from performance evidence.,reviewed_vocabulary_observed_in_sample,1,https://avalan.cc/,"Occurrence in selected main text only; not search volume, a required phrase or a verified product capability. An optional reviewed source list limits ambiguous terms to the relevant context."
deadlock-comparison,features,Break the list into comparable actions; a longer list does not prove better performance.,reviewed_vocabulary_observed_in_sample,6,https://avalan.cc/ | https://deadlock.wiki/Console_commands | https://deadlockcheats.net/blog | https://forgecheats.com/en/game/deadlock/ | https://ivsofte.biz/en/blog/best-deadlock-cheats/ | https://uc.zone/en/deadlock,"Occurrence in selected main text only; not search volume, a required phrase or a verified product capability. An optional reviewed source list limits ambiguous terms to the relevant context."
deadlock-comparison,support,Compare a documented channel or policy; do not invent response-time experience.,reviewed_vocabulary_observed_in_sample,5,https://avalan.cc/ | https://deadlockcheats.net/blog | https://forgecheats.com/en/game/deadlock/ | https://ivsofte.biz/en/blog/best-deadlock-cheats/ | https://uc.zone/en/deadlock,"Occurrence in selected main text only; not search volume, a required phrase or a verified product capability. An optional reviewed source list limits ambiguous terms to the relevant context."
deadlock-comparison,pricing,Use a dated first-party offer and disclose what period/currency it covers.,reviewed_vocabulary_observed_in_sample,2,https://avalan.cc/ | https://deadlockcheats.net/blog,"Occurrence in selected main text only; not search volume, a required phrase or a verified product capability. An optional reviewed source list limits ambiguous terms to the relevant context."
deadlock-comparison,status,Name the source and timestamp; distinguish product status from player tracking.,reviewed_vocabulary_observed_in_sample,3,https://deadlock.wiki/Console_commands | https://deadlockcheats.net/blog | https://forgecheats.com/en/game/deadlock/,"Occurrence in selected main text only; not search volume, a required phrase or a verified product capability. An optional reviewed source list limits ambiguous terms to the relevant context."
deadlock-trial,free trial,State a verified duration and restrictions; never present it as permanent free access.,reviewed_vocabulary_observed_in_sample,1,https://avalan.cc/,"Occurrence in selected main text only; not search volume, a required phrase or a verified product capability. An optional reviewed source list limits ambiguous terms to the relevant context."
deadlock-trial,free version,"Use only for a verified free tier, with its actual limitations.",editorial_concept_not_observed_in_sample,0,,"Occurrence in selected main text only; not search volume, a required phrase or a verified product capability. An optional reviewed source list limits ambiguous terms to the relevant context."
deadlock-trial,subscription,"Verify duration, renewal and current price before writing an offer.",reviewed_vocabulary_observed_in_sample,2,https://forgecheats.com/en/game/deadlock/ | https://uc.zone/en/deadlock,"Occurrence in selected main text only; not search volume, a required phrase or a verified product capability. An optional reviewed source list limits ambiguous terms to the relevant context."
deadlock-trial,limitations,Name a sourced limit or explicit unknown; do not invent a weakness.,editorial_concept_not_observed_in_sample,0,,"Occurrence in selected main text only; not search volume, a required phrase or a verified product capability. An optional reviewed source list limits ambiguous terms to the relevant context."
deadlock-trial,pricing,Use a dated first-party offer and disclose what period/currency it covers.,reviewed_vocabulary_observed_in_sample,1,https://avalan.cc/,"Occurrence in selected main text only; not search volume, a required phrase or a verified product capability. An optional reviewed source list limits ambiguous terms to the relevant context."
deadlock-trial,availability,Record source and check date; current access cannot be inferred from an old listing.,editorial_concept_not_observed_in_sample,0,,"Occurrence in selected main text only; not search volume, a required phrase or a verified product capability. An optional reviewed source list limits ambiguous terms to the relevant context."
deadlock-commands,Valve Deadlock,Keep the game entity explicit; avoid unrelated games sharing the name.,editorial_concept_not_observed_in_sample,0,,"Occurrence in selected main text only; not search volume, a required phrase or a verified product capability. An optional reviewed source list limits ambiguous terms to the relevant context."
deadlock-commands,sandbox,Use for the legitimate practice environment; verify current command support there.,reviewed_vocabulary_observed_in_sample,1,https://deadlock.wiki/Console_commands,"Occurrence in selected main text only; not search volume, a required phrase or a verified product capability. An optional reviewed source list limits ambiguous terms to the relevant context."
deadlock-commands,console,Refer to the built-in command interface in its supported game context.,reviewed_vocabulary_observed_in_sample,1,https://deadlock.wiki/Console_commands,"Occurrence in selected main text only; not search volume, a required phrase or a verified product capability. An optional reviewed source list limits ambiguous terms to the relevant context."
deadlock-commands,commands,"Organize verified examples by task, effect and limits rather than a generic word list.",reviewed_vocabulary_observed_in_sample,1,https://deadlock.wiki/Console_commands,"Occurrence in selected main text only; not search volume, a required phrase or a verified product capability. An optional reviewed source list limits ambiguous terms to the relevant context."
deadlock-commands,practice,Keep ordinary training tasks distinct from third-party automation.,reviewed_vocabulary_observed_in_sample,1,https://deadlock.wiki/Console_commands,"Occurrence in selected main text only; not search volume, a required phrase or a verified product capability. An optional reviewed source list limits ambiguous terms to the relevant context."
cs2-hub,aimbot,Identify the target and claimed aiming action; do not infer a complete feature specification.,reviewed_vocabulary_observed_in_sample,3,https://cheater.fun/cs2-hacks/ | https://cs2-cheats.com/ | https://en.exloader.net/,"Occurrence in selected main text only; not search volume, a required phrase or a verified product capability. An optional reviewed source list limits ambiguous terms to the relevant context."
cs2-hub,triggerbot,Separate the claimed firing action from aiming; compare the actual description.,reviewed_vocabulary_observed_in_sample,1,https://cheater.fun/cs2-hacks/,"Occurrence in selected main text only; not search volume, a required phrase or a verified product capability. An optional reviewed source list limits ambiguous terms to the relevant context."
cs2-hub,ESP,Use for an information-display claim; name what is displayed and where.,reviewed_vocabulary_observed_in_sample,3,https://cheater.fun/cs2-hacks/ | https://cs2-cheats.com/ | https://en.exloader.net/,"Occurrence in selected main text only; not search volume, a required phrase or a verified product capability. An optional reviewed source list limits ambiguous terms to the relevant context."
cs2-hub,radar,Describe the claimed map/display context separately from an in-world overlay.,reviewed_vocabulary_observed_in_sample,1,https://cheater.fun/cs2-hacks/,"Occurrence in selected main text only; not search volume, a required phrase or a verified product capability. An optional reviewed source list limits ambiguous terms to the relevant context."
cs2-hub,skin changer,"Separate cosmetic appearance from ownership, transferability and what others see.",editorial_concept_not_observed_in_sample,0,,"Occurrence in selected main text only; not search volume, a required phrase or a verified product capability. An optional reviewed source list limits ambiguous terms to the relevant context."
cs2-hub,commands,"Organize verified examples by task, effect and limits rather than a generic word list.",editorial_concept_not_observed_in_sample,0,,"Occurrence in selected main text only; not search volume, a required phrase or a verified product capability. An optional reviewed source list limits ambiguous terms to the relevant context."
cs2-hub,Cluster,"Mapped CS2/Deadlock product; its page is first-party evidence of stated scope, not an independent review.",editorial_concept_not_observed_in_sample,0,,"Occurrence in selected main text only; not search volume, a required phrase or a verified product capability. An optional reviewed source list limits ambiguous terms to the relevant context."
dota2-hub,hero scripts,Identify the hero and advertised automation scope; no implementation or outcome promise.,editorial_concept_not_observed_in_sample,0,,"Occurrence in selected main text only; not search volume, a required phrase or a verified product capability. An optional reviewed source list limits ambiguous terms to the relevant context."
dota2-hub,map hack,Publisher wording for information features; do not infer complete hidden-world knowledge.,reviewed_vocabulary_observed_in_sample,1,https://uc.zone/en/dota2,"Occurrence in selected main text only; not search volume, a required phrase or a verified product capability. An optional reviewed source list limits ambiguous terms to the relevant context."
dota2-hub,skin changer,"Separate cosmetic appearance from ownership, transferability and what others see.",reviewed_vocabulary_observed_in_sample,1,https://uc.zone/en/dota2,"Occurrence in selected main text only; not search volume, a required phrase or a verified product capability. An optional reviewed source list limits ambiguous terms to the relevant context."
dota2-hub,commands,"Organize verified examples by task, effect and limits rather than a generic word list.",editorial_concept_not_observed_in_sample,0,,"Occurrence in selected main text only; not search volume, a required phrase or a verified product capability. An optional reviewed source list limits ambiguous terms to the relevant context."
dota2-hub,Melonity,Mapped Dota 2 product; attribute its statements and disclose commercial context when applicable.,editorial_concept_not_observed_in_sample,0,,"Occurrence in selected main text only; not search volume, a required phrase or a verified product capability. An optional reviewed source list limits ambiguous terms to the relevant context."
dota2-hub,free trial,State a verified duration and restrictions; never present it as permanent free access.,reviewed_vocabulary_observed_in_sample,1,https://uc.zone/en/dota2,"Occurrence in selected main text only; not search volume, a required phrase or a verified product capability. An optional reviewed source list limits ambiguous terms to the relevant context."
deadlock-hub,auto parry,Separate the ordinary parry mechanic from a claimed automated response.,editorial_concept_not_observed_in_sample,0,,"Occurrence in selected main text only; not search volume, a required phrase or a verified product capability. An optional reviewed source list limits ambiguous terms to the relevant context."
deadlock-hub,soul aimbot,Use for the claimed soul-aiming action; do not infer firing or display support.,editorial_concept_not_observed_in_sample,0,,"Occurrence in selected main text only; not search volume, a required phrase or a verified product capability. An optional reviewed source list limits ambiguous terms to the relevant context."
deadlock-hub,ESP,Use for an information-display claim; name what is displayed and where.,reviewed_vocabulary_observed_in_sample,2,https://cheater.fun/deadlock_cheats/ | https://uc.zone/en/deadlock,"Occurrence in selected main text only; not search volume, a required phrase or a verified product capability. An optional reviewed source list limits ambiguous terms to the relevant context."
deadlock-hub,auto dodge,Clarify the claimed response and coverage without implementation details.,editorial_concept_not_observed_in_sample,0,,"Occurrence in selected main text only; not search volume, a required phrase or a verified product capability. An optional reviewed source list limits ambiguous terms to the relevant context."
deadlock-hub,combo,Separate an ordinary sequence or synergy guide from an automation specification.,reviewed_vocabulary_observed_in_sample,1,https://uc.zone/en/deadlock,"Occurrence in selected main text only; not search volume, a required phrase or a verified product capability. An optional reviewed source list limits ambiguous terms to the relevant context."
deadlock-hub,commands,"Organize verified examples by task, effect and limits rather than a generic word list.",editorial_concept_not_observed_in_sample,0,,"Occurrence in selected main text only; not search volume, a required phrase or a verified product capability. An optional reviewed source list limits ambiguous terms to the relevant context."
deadlock-hub,Cluster,"Mapped CS2/Deadlock product; its page is first-party evidence of stated scope, not an independent review.",editorial_concept_not_observed_in_sample,0,,"Occurrence in selected main text only; not search volume, a required phrase or a verified product capability. An optional reviewed source list limits ambiguous terms to the relevant context."
deadlock-free-download,free version,"Use only for a verified free tier, with its actual limitations.",editorial_concept_not_observed_in_sample,0,,"Occurrence in selected main text only; not search volume, a required phrase or a verified product capability. An optional reviewed source list limits ambiguous terms to the relevant context."
deadlock-free-download,free trial,State a verified duration and restrictions; never present it as permanent free access.,reviewed_vocabulary_observed_in_sample,1,https://avalan.cc/,"Occurrence in selected main text only; not search volume, a required phrase or a verified product capability. An optional reviewed source list limits ambiguous terms to the relevant context."
deadlock-free-download,download,"Describe the actual verified destination; no fake button, binary mirroring or implied free offer.",reviewed_vocabulary_observed_in_sample,4,https://avalan.cc/ | https://cheater.fun/deadlock_cheats/ | https://en.exloader.net/tree/games/deadlock/ | https://octarine.fun/en/deadlock/,"Occurrence in selected main text only; not search volume, a required phrase or a verified product capability. An optional reviewed source list limits ambiguous terms to the relevant context."
deadlock-free-download,subscription,"Verify duration, renewal and current price before writing an offer.",reviewed_vocabulary_observed_in_sample,2,https://octarine.fun/en/deadlock/ | https://uc.zone/en/deadlock,"Occurrence in selected main text only; not search volume, a required phrase or a verified product capability. An optional reviewed source list limits ambiguous terms to the relevant context."
deadlock-free-download,limitations,Name a sourced limit or explicit unknown; do not invent a weakness.,editorial_concept_not_observed_in_sample,0,,"Occurrence in selected main text only; not search volume, a required phrase or a verified product capability. An optional reviewed source list limits ambiguous terms to the relevant context."
deadlock-free-download,official website,Verify destination ownership before identifying it as official.,editorial_concept_not_observed_in_sample,0,,"Occurrence in selected main text only; not search volume, a required phrase or a verified product capability. An optional reviewed source list limits ambiguous terms to the relevant context."
deadlock-free-download,availability,Record source and check date; current access cannot be inferred from an old listing.,editorial_concept_not_observed_in_sample,0,,"Occurrence in selected main text only; not search volume, a required phrase or a verified product capability. An optional reviewed source list limits ambiguous terms to the relevant context."
cs2-free-download,free version,"Use only for a verified free tier, with its actual limitations.",editorial_concept_not_observed_in_sample,0,,"Occurrence in selected main text only; not search volume, a required phrase or a verified product capability. An optional reviewed source list limits ambiguous terms to the relevant context."
cs2-free-download,free trial,State a verified duration and restrictions; never present it as permanent free access.,editorial_concept_not_observed_in_sample,0,,"Occurrence in selected main text only; not search volume, a required phrase or a verified product capability. An optional reviewed source list limits ambiguous terms to the relevant context."
cs2-free-download,download,"Describe the actual verified destination; no fake button, binary mirroring or implied free offer.",reviewed_vocabulary_observed_in_sample,1,https://cheater.fun/cs2-hacks/,"Occurrence in selected main text only; not search volume, a required phrase or a verified product capability. An optional reviewed source list limits ambiguous terms to the relevant context."
cs2-free-download,subscription,"Verify duration, renewal and current price before writing an offer.",editorial_concept_not_observed_in_sample,0,,"Occurrence in selected main text only; not search volume, a required phrase or a verified product capability. An optional reviewed source list limits ambiguous terms to the relevant context."
cs2-free-download,limitations,Name a sourced limit or explicit unknown; do not invent a weakness.,editorial_concept_not_observed_in_sample,0,,"Occurrence in selected main text only; not search volume, a required phrase or a verified product capability. An optional reviewed source list limits ambiguous terms to the relevant context."
cs2-free-download,official website,Verify destination ownership before identifying it as official.,editorial_concept_not_observed_in_sample,0,,"Occurrence in selected main text only; not search volume, a required phrase or a verified product capability. An optional reviewed source list limits ambiguous terms to the relevant context."
cs2-free-download,availability,Record source and check date; current access cannot be inferred from an old listing.,editorial_concept_not_observed_in_sample,0,,"Occurrence in selected main text only; not search volume, a required phrase or a verified product capability. An optional reviewed source list limits ambiguous terms to the relevant context."
dota2-free-download,free version,"Use only for a verified free tier, with its actual limitations.",reviewed_vocabulary_observed_in_sample,1,https://cheater.fun/cheats_for_dota2_download_hacks_free/,"Occurrence in selected main text only; not search volume, a required phrase or a verified product capability. An optional reviewed source list limits ambiguous terms to the relevant context."
dota2-free-download,free trial,State a verified duration and restrictions; never present it as permanent free access.,reviewed_vocabulary_observed_in_sample,1,https://uc.zone/en/dota2,"Occurrence in selected main text only; not search volume, a required phrase or a verified product capability. An optional reviewed source list limits ambiguous terms to the relevant context."
dota2-free-download,download,"Describe the actual verified destination; no fake button, binary mirroring or implied free offer.",reviewed_vocabulary_observed_in_sample,1,https://cheater.fun/cheats_for_dota2_download_hacks_free/,"Occurrence in selected main text only; not search volume, a required phrase or a verified product capability. An optional reviewed source list limits ambiguous terms to the relevant context."
dota2-free-download,subscription,"Verify duration, renewal and current price before writing an offer.",reviewed_vocabulary_observed_in_sample,1,https://uc.zone/en/dota2,"Occurrence in selected main text only; not search volume, a required phrase or a verified product capability. An optional reviewed source list limits ambiguous terms to the relevant context."
dota2-free-download,limitations,Name a sourced limit or explicit unknown; do not invent a weakness.,editorial_concept_not_observed_in_sample,0,,"Occurrence in selected main text only; not search volume, a required phrase or a verified product capability. An optional reviewed source list limits ambiguous terms to the relevant context."
dota2-free-download,official website,Verify destination ownership before identifying it as official.,editorial_concept_not_observed_in_sample,0,,"Occurrence in selected main text only; not search volume, a required phrase or a verified product capability. An optional reviewed source list limits ambiguous terms to the relevant context."
dota2-free-download,availability,Record source and check date; current access cannot be inferred from an old listing.,editorial_concept_not_observed_in_sample,0,,"Occurrence in selected main text only; not search volume, a required phrase or a verified product capability. An optional reviewed source list limits ambiguous terms to the relevant context."
