source_url,target_url,anchor,target_keyword,provider,checked_at,rel,provider_page_as,report_url
"https://project-infinity.cloud/","https://anyx.gg/","CS2 Cheats","cs2 cheats","semrush_public_backlink_checker","2026-09-21","","56","https://www.semrush.com/free-tools/backlink-checker/"
"https://eazycheats.net/","https://anyx.gg/","Anyx CS2 Cheats","cs2 cheats","semrush_public_backlink_checker","2026-09-21","","55","https://www.semrush.com/free-tools/backlink-checker/"
"https://cs2-cheats.com/","https://anyx.gg/","Anyx CS2 Cheats","cs2 cheats","semrush_public_backlink_checker","2026-09-21","","54","https://www.semrush.com/free-tools/backlink-checker/"
"https://cs2-webradar.com/","https://anyx.gg/","Premium CS2 Hacks","cs2 cheats","semrush_public_backlink_checker","2026-09-21","","43","https://www.semrush.com/free-tools/backlink-checker/"
"https://zerkoasuk.blogspot.com/","https://anyx.gg/","https://steam-comments.com/","cs2 cheats","semrush_public_backlink_checker","2026-09-21","nofollow","28","https://www.semrush.com/free-tools/backlink-checker/"
"https://shopwebsites.cloud/","https://anyx.gg/","Anyx.gg","cs2 cheats","semrush_public_backlink_checker","2026-09-21","nofollow","22","https://www.semrush.com/free-tools/backlink-checker/"
"https://boosting-service.cloud/","https://anyx.gg/","CS2 Cheats","cs2 cheats","semrush_public_backlink_checker","2026-09-21","","18","https://www.semrush.com/free-tools/backlink-checker/"
"https://reportbot.cloud/","https://anyx.gg/products/cs2-cheats/","CS2 Cheats","cs2 cheats","semrush_public_backlink_checker","2026-09-21","","14","https://www.semrush.com/free-tools/backlink-checker/"
"https://kevins-organization-64.gitbook.io/tgmodz-1/counter-strike-2/anyx-cs2/anyx-information","https://anyx.gg/products/cs2-cheats/","Logo CS2 Hacks - Premium CS2 Cheats Anyx.gg - Undetected CS2 Cheats & Free CS2 Hacks","cs2 cheats","semrush_public_backlink_checker","2026-09-21","","13","https://www.semrush.com/free-tools/backlink-checker/"
"https://kevins-organization-64.gitbook.io/tgmodz-1/counter-strike-2/anyx-cs2/anyx-links-support","https://anyx.gg/support/faq/","AnyX FAQ/Troubleshooting","cs2 cheats","semrush_public_backlink_checker","2026-09-21","","13","https://www.semrush.com/free-tools/backlink-checker/"
"https://kevins-organization-64.gitbook.io/tgmodz-1/counter-strike-2/anyx-cs2/anyx-links-support","https://anyx.gg/","AnyX Website","cs2 cheats","semrush_public_backlink_checker","2026-09-21","","13","https://www.semrush.com/free-tools/backlink-checker/"
"https://kevins-organization-64.gitbook.io/tgmodz-1/counter-strike-2/anyx-cs2/installation-guide","https://anyx.gg/redeem-key/","here","cs2 cheats","semrush_public_backlink_checker","2026-09-21","","13","https://www.semrush.com/free-tools/backlink-checker/"
"https://kevins-organization-64.gitbook.io/tgmodz-1/counter-strike-2/anyx-cs2/installation-guide","https://anyx.gg/","Website","cs2 cheats","semrush_public_backlink_checker","2026-09-21","","13","https://www.semrush.com/free-tools/backlink-checker/"
"https://kevins-organization-64.gitbook.io/tgmodz-1/counter-strike-2/anyx-cs2/installation-guide","https://anyx.gg/threads/anyx-external-cheat-tutorial.59/","Instructions","cs2 cheats","semrush_public_backlink_checker","2026-09-21","","13","https://www.semrush.com/free-tools/backlink-checker/"
"https://slame.gitbook.io/help-metacs/proverka-na-chity/dopolnenie/spisok-chitov","https://anyx.gg/","anyx","cs2 cheats","semrush_public_backlink_checker","2026-09-21","","13","https://www.semrush.com/free-tools/backlink-checker/"
