query,game,language,country,engine,provider,period,period_basis,match_type,volume,volume_basis,measurement_window_end,source_url,captured_at,provider_difficulty,observation_kind,precision
deadlock cheats,deadlock,en,US,google,semrush_public_keyword_checker,2026-09,capture_month,provider_unspecified,720,provider_estimated_rolling_12_month_average,,https://www.semrush.com/free-tools/keyword-search-volume-checker/?db=us&keyword=deadlock+cheats,2026-09-21T04:51:37.884Z,13,primary_lookup,provider_display
deadlock cheats,deadlock,en,GB,google,semrush_public_keyword_checker,2026-09,capture_month,provider_unspecified,70,provider_estimated_rolling_12_month_average,,https://www.semrush.com/free-tools/keyword-search-volume-checker/?db=us&keyword=deadlock+cheats,2026-09-21T04:51:37.884Z,,country_breakdown_in_us_lookup,provider_display
deadlock cheat,deadlock,en,US,google,semrush_public_keyword_checker,2026-09,capture_month,provider_unspecified,720,provider_estimated_rolling_12_month_average,,https://www.semrush.com/free-tools/keyword-search-volume-checker/?db=us&keyword=deadlock+cheats,2026-09-21T04:51:37.884Z,10,related_keyword_in_selected_database,provider_display
is there a parry cheat in deadlock,deadlock,en,US,google,semrush_public_keyword_checker,2026-09,capture_month,provider_unspecified,590,provider_estimated_rolling_12_month_average,,https://www.semrush.com/free-tools/keyword-search-volume-checker/?db=us&keyword=deadlock+cheats,2026-09-21T04:51:37.884Z,22,related_keyword_in_selected_database,provider_display
cs2 cheats,cs2,en,US,google,semrush_public_keyword_checker,2026-09,capture_month,provider_unspecified,880,provider_estimated_rolling_12_month_average,,https://www.semrush.com/free-tools/keyword-search-volume-checker/?db=us&keyword=cs2+cheats,2026-09-21T04:52:47.706Z,42,primary_lookup,provider_display
cs2 cheats,cs2,en,GB,google,semrush_public_keyword_checker,2026-09,capture_month,provider_unspecified,3600,provider_estimated_rolling_12_month_average,,https://www.semrush.com/free-tools/keyword-search-volume-checker/?db=us&keyword=cs2+cheats,2026-09-21T04:52:47.706Z,,country_breakdown_in_us_lookup,rounded_display
cs2 cheat,cs2,en,US,google,semrush_public_keyword_checker,2026-09,capture_month,provider_unspecified,4400,provider_estimated_rolling_12_month_average,,https://www.semrush.com/free-tools/keyword-search-volume-checker/?db=us&keyword=cs2+cheats,2026-09-21T04:52:47.706Z,42,related_keyword_in_selected_database,rounded_display
free cs2 cheats,cs2,en,US,google,semrush_public_keyword_checker,2026-09,capture_month,provider_unspecified,3600,provider_estimated_rolling_12_month_average,,https://www.semrush.com/free-tools/keyword-search-volume-checker/?db=us&keyword=cs2+cheats,2026-09-21T04:52:47.706Z,31,related_keyword_in_selected_database,rounded_display
midnight cs2 cheat,cs2,en,US,google,semrush_public_keyword_checker,2026-09,capture_month,provider_unspecified,2900,provider_estimated_rolling_12_month_average,,https://www.semrush.com/free-tools/keyword-search-volume-checker/?db=us&keyword=cs2+cheats,2026-09-21T04:52:47.706Z,19,related_keyword_in_selected_database,rounded_display
dota 2 cheats,dota2,en,US,google,semrush_public_keyword_checker,2026-09,capture_month,provider_unspecified,210,provider_estimated_rolling_12_month_average,,https://www.semrush.com/free-tools/keyword-search-volume-checker/?db=us&keyword=dota+2+cheats,2026-09-21T04:53:14.821Z,37,primary_lookup,provider_display
cheat dota 2,dota2,en,US,google,semrush_public_keyword_checker,2026-09,capture_month,provider_unspecified,210,provider_estimated_rolling_12_month_average,,https://www.semrush.com/free-tools/keyword-search-volume-checker/?db=us&keyword=dota+2+cheats,2026-09-21T04:53:14.821Z,0,related_keyword_in_selected_database,provider_display
cheat code dota 2,dota2,en,US,google,semrush_public_keyword_checker,2026-09,capture_month,provider_unspecified,20,provider_estimated_rolling_12_month_average,,https://www.semrush.com/free-tools/keyword-search-volume-checker/?db=us&keyword=dota+2+cheats,2026-09-21T04:53:14.821Z,0,related_keyword_in_selected_database,provider_display
dota 2 scripts,dota2,en,US,google,semrush_public_keyword_checker,2026-09,capture_month,provider_unspecified,20,provider_estimated_rolling_12_month_average,,https://www.semrush.com/free-tools/keyword-search-volume-checker/?db=us&keyword=dota+2+scripts,2026-09-21T04:53:50.789Z,,primary_lookup,provider_display
cs2 triggerbot,cs2,en,US,google,semrush_public_keyword_checker,2026-09,capture_month,provider_unspecified,20,provider_estimated_rolling_12_month_average,,https://www.semrush.com/free-tools/keyword-search-volume-checker/?db=us&keyword=cs2+triggerbot,2026-09-21T04:54:26.807Z,,primary_lookup,provider_display
triggerbot cs2,cs2,en,US,google,semrush_public_keyword_checker,2026-09,capture_month,provider_unspecified,30,provider_estimated_rolling_12_month_average,,https://www.semrush.com/free-tools/keyword-search-volume-checker/?db=us&keyword=cs2+triggerbot,2026-09-21T04:54:26.807Z,0,related_keyword_in_selected_database,provider_display
