query,game,language,country,engine,provider,period,period_basis,match_type,volume_basis,captured_at,source_url,volume,provider_volume_display,precision,provider_difficulty,provider_intent,seed,measurement_window_end,observation_kind
cs2 cheat,cs2,en,US,google,semrush_public_keyword_magic,2026-09,capture_month,provider_unspecified,provider_estimated_rolling_12_month_average,2026-09-21,https://www.semrush.com/free-tools/keyword-tool/,4400,4.4K,rounded_display,42,IC,cs2 cheat,,public_keyword_magic_suggestion
free cs2 cheats,cs2,en,US,google,semrush_public_keyword_magic,2026-09,capture_month,provider_unspecified,provider_estimated_rolling_12_month_average,2026-09-21,https://www.semrush.com/free-tools/keyword-tool/,3600,3.6K,rounded_display,31,I,cs2 cheat,,public_keyword_magic_suggestion
midnight cs2 cheat,cs2,en,US,google,semrush_public_keyword_magic,2026-09,capture_month,provider_unspecified,provider_estimated_rolling_12_month_average,2026-09-21,https://www.semrush.com/free-tools/keyword-tool/,2900,2.9K,rounded_display,19,I,cs2 cheat,,public_keyword_magic_suggestion
best cs2 cheats,cs2,en,US,google,semrush_public_keyword_magic,2026-09,capture_month,provider_unspecified,provider_estimated_rolling_12_month_average,2026-09-21,https://www.semrush.com/free-tools/keyword-tool/,2400,2.4K,rounded_display,10,IC,cs2 cheat,,public_keyword_magic_suggestion
cs2 cheats free,cs2,en,US,google,semrush_public_keyword_magic,2026-09,capture_month,provider_unspecified,provider_estimated_rolling_12_month_average,2026-09-21,https://www.semrush.com/free-tools/keyword-tool/,1300,1.3K,rounded_display,23,I,cs2 cheat,,public_keyword_magic_suggestion
fatality cs2 cheat,cs2,en,US,google,semrush_public_keyword_magic,2026-09,capture_month,provider_unspecified,provider_estimated_rolling_12_month_average,2026-09-21,https://www.semrush.com/free-tools/keyword-tool/,1300,1.3K,rounded_display,30,I,cs2 cheat,,public_keyword_magic_suggestion
pellix cs2 cheat,cs2,en,US,google,semrush_public_keyword_magic,2026-09,capture_month,provider_unspecified,provider_estimated_rolling_12_month_average,2026-09-21,https://www.semrush.com/free-tools/keyword-tool/,1000,1K,rounded_display,30,NT,cs2 cheat,,public_keyword_magic_suggestion
cs2 anti cheat,cs2,en,US,google,semrush_public_keyword_magic,2026-09,capture_month,provider_unspecified,provider_estimated_rolling_12_month_average,2026-09-21,https://www.semrush.com/free-tools/keyword-tool/,880,880,provider_display,14,I,cs2 cheat,,public_keyword_magic_suggestion
cs2 cheats,cs2,en,US,google,semrush_public_keyword_magic,2026-09,capture_month,provider_unspecified,provider_estimated_rolling_12_month_average,2026-09-21,https://www.semrush.com/free-tools/keyword-tool/,880,880,provider_display,42,I,cs2 cheat,,public_keyword_magic_suggestion
cs2 free cheats,cs2,en,US,google,semrush_public_keyword_magic,2026-09,capture_month,provider_unspecified,provider_estimated_rolling_12_month_average,2026-09-21,https://www.semrush.com/free-tools/keyword-tool/,880,880,provider_display,34,I,cs2 cheat,,public_keyword_magic_suggestion
orbit cs2 cheat,cs2,en,US,google,semrush_public_keyword_magic,2026-09,capture_month,provider_unspecified,provider_estimated_rolling_12_month_average,2026-09-21,https://www.semrush.com/free-tools/keyword-tool/,880,880,provider_display,15,I,cs2 cheat,,public_keyword_magic_suggestion
cheat dota 2,dota2,en,US,google,semrush_public_keyword_magic,2026-09,capture_month,provider_unspecified,provider_estimated_rolling_12_month_average,2026-09-21,https://www.semrush.com/free-tools/keyword-tool/,210,210,provider_display,0,,dota 2 cheat,,public_keyword_magic_suggestion
dota 2 cheats,dota2,en,US,google,semrush_public_keyword_magic,2026-09,capture_month,provider_unspecified,provider_estimated_rolling_12_month_average,2026-09-21,https://www.semrush.com/free-tools/keyword-tool/,210,210,provider_display,37,IC,dota 2 cheat,,public_keyword_magic_suggestion
cheat code dota 2,dota2,en,US,google,semrush_public_keyword_magic,2026-09,capture_month,provider_unspecified,provider_estimated_rolling_12_month_average,2026-09-21,https://www.semrush.com/free-tools/keyword-tool/,20,20,provider_display,0,,dota 2 cheat,,public_keyword_magic_suggestion
cheat dota 2 bot,dota2,en,US,google,semrush_public_keyword_magic,2026-09,capture_month,provider_unspecified,provider_estimated_rolling_12_month_average,2026-09-21,https://www.semrush.com/free-tools/keyword-tool/,20,20,provider_display,0,,dota 2 cheat,,public_keyword_magic_suggestion
cheat dota 2 gold,dota2,en,US,google,semrush_public_keyword_magic,2026-09,capture_month,provider_unspecified,provider_estimated_rolling_12_month_average,2026-09-21,https://www.semrush.com/free-tools/keyword-tool/,20,20,provider_display,0,,dota 2 cheat,,public_keyword_magic_suggestion
cheat dota 2 lobby,dota2,en,US,google,semrush_public_keyword_magic,2026-09,capture_month,provider_unspecified,provider_estimated_rolling_12_month_average,2026-09-21,https://www.semrush.com/free-tools/keyword-tool/,20,20,provider_display,0,,dota 2 cheat,,public_keyword_magic_suggestion
cheat lobby dota 2,dota2,en,US,google,semrush_public_keyword_magic,2026-09,capture_month,provider_unspecified,provider_estimated_rolling_12_month_average,2026-09-21,https://www.semrush.com/free-tools/keyword-tool/,20,20,provider_display,0,,dota 2 cheat,,public_keyword_magic_suggestion
cheat money dota 2,dota2,en,US,google,semrush_public_keyword_magic,2026-09,capture_month,provider_unspecified,provider_estimated_rolling_12_month_average,2026-09-21,https://www.semrush.com/free-tools/keyword-tool/,20,20,provider_display,0,,dota 2 cheat,,public_keyword_magic_suggestion
cheating in dota 2,dota2,en,US,google,semrush_public_keyword_magic,2026-09,capture_month,provider_unspecified,provider_estimated_rolling_12_month_average,2026-09-21,https://www.semrush.com/free-tools/keyword-tool/,20,20,provider_display,0,,dota 2 cheat,,public_keyword_magic_suggestion
cheats dota 2 lobby,dota2,en,US,google,semrush_public_keyword_magic,2026-09,capture_month,provider_unspecified,provider_estimated_rolling_12_month_average,2026-09-21,https://www.semrush.com/free-tools/keyword-tool/,20,20,provider_display,0,,dota 2 cheat,,public_keyword_magic_suggestion
cheats on dota 2,dota2,en,US,google,semrush_public_keyword_magic,2026-09,capture_month,provider_unspecified,provider_estimated_rolling_12_month_average,2026-09-21,https://www.semrush.com/free-tools/keyword-tool/,20,20,provider_display,0,,dota 2 cheat,,public_keyword_magic_suggestion
dota 2 anti cheat,dota2,en,US,google,semrush_public_keyword_magic,2026-09,capture_month,provider_unspecified,provider_estimated_rolling_12_month_average,2026-09-21,https://www.semrush.com/free-tools/keyword-tool/,20,20,provider_display,0,,dota 2 cheat,,public_keyword_magic_suggestion
dota 2 bot cheats,dota2,en,US,google,semrush_public_keyword_magic,2026-09,capture_month,provider_unspecified,provider_estimated_rolling_12_month_average,2026-09-21,https://www.semrush.com/free-tools/keyword-tool/,20,20,provider_display,0,,dota 2 cheat,,public_keyword_magic_suggestion
deadlock cheat,deadlock,en,US,google,semrush_public_keyword_magic,2026-09,capture_month,provider_unspecified,provider_estimated_rolling_12_month_average,2026-09-21,https://www.semrush.com/free-tools/keyword-tool/,720,720,provider_display,10,I,deadlock cheat,,public_keyword_magic_suggestion
deadlock cheats,deadlock,en,US,google,semrush_public_keyword_magic,2026-09,capture_month,provider_unspecified,provider_estimated_rolling_12_month_average,2026-09-21,https://www.semrush.com/free-tools/keyword-tool/,720,720,provider_display,13,I,deadlock cheat,,public_keyword_magic_suggestion
is there a parry cheat in deadlock,deadlock,en,US,google,semrush_public_keyword_magic,2026-09,capture_month,provider_unspecified,provider_estimated_rolling_12_month_average,2026-09-21,https://www.semrush.com/free-tools/keyword-tool/,590,590,provider_display,22,IT,deadlock cheat,,public_keyword_magic_suggestion
deadlock cheat commands,deadlock,en,US,google,semrush_public_keyword_magic,2026-09,capture_month,provider_unspecified,provider_estimated_rolling_12_month_average,2026-09-21,https://www.semrush.com/free-tools/keyword-tool/,320,320,provider_display,15,I,deadlock cheat,,public_keyword_magic_suggestion
deadlock auto parry cheat,deadlock,en,US,google,semrush_public_keyword_magic,2026-09,capture_month,provider_unspecified,provider_estimated_rolling_12_month_average,2026-09-21,https://www.semrush.com/free-tools/keyword-tool/,70,70,provider_display,0,,deadlock cheat,,public_keyword_magic_suggestion
deadlock frog cheater,deadlock,en,US,google,semrush_public_keyword_magic,2026-09,capture_month,provider_unspecified,provider_estimated_rolling_12_month_average,2026-09-21,https://www.semrush.com/free-tools/keyword-tool/,50,50,provider_display,20,IT,deadlock cheat,,public_keyword_magic_suggestion
deadlock cheating problem,deadlock,en,US,google,semrush_public_keyword_magic,2026-09,capture_month,provider_unspecified,provider_estimated_rolling_12_month_average,2026-09-21,https://www.semrush.com/free-tools/keyword-tool/,40,40,provider_display,0,,deadlock cheat,,public_keyword_magic_suggestion
