title,slug,game,language,url,published_at,notes
Why Cheaters in Dota 2 Are Not Banned: A Detailed Explanation of Why Cheats Are Safe,why-cheaters-in-dota-2-are-not-banned,dota2,en,https://medium.com/@mrkhertz/why-cheaters-in-dota-2-are-not-banned-a-detailed-explanation-of-why-cheats-are-safe-3f28752a7f98,,published on Medium; do not select this exact topic again
Dota 2 Cheats & Scripts Explained 2025: All About Dota Hacks,dota-2-cheats-scripts-explained-2025,dota2,en,https://medium.com/@mrkhertz/dota-2-cheats-scripts-explained-2025-all-about-dota-hacks-82ff479af22d,,published on Medium; do not select this exact topic again
Top 5 Hacks and Cheats for Dota 2: Best Hack for Dota 2,top-5-hacks-and-cheats-for-dota-2,dota2,en,https://medium.com/@mrkhertz/top-5-hacks-and-cheats-for-dota-2-best-hack-for-dota-2-04ebc1f21fc6,,published on Medium; do not select this exact topic again
MapHack for Dota 2: Everything You Need to Know and How to Download It,maphack-for-dota-2-everything-you-need-to-know,dota2,en,https://medium.com/@mrkhertz/maphack-for-dota-2-everything-you-need-to-know-how-to-download-it-a5126f8bc05f,,published on Medium; do not select this exact topic again
Complete Guide to Cheat Commands in the Dota 2 Lobby 2026,complete-guide-cheat-commands-dota-2-lobby-2026,dota2,en,https://medium.com/@mrkhertz/a-complete-guide-to-cheat-commands-in-the-dota-2-lobby-2026-1a32b1c1b58c,,published on Medium; do not select this exact topic again
How to Avoid a Smurf Ban in Dota 2: Guide to Choosing an Account for Dota,how-to-avoid-a-smurf-ban-in-dota-2,dota2,en,https://medium.com/@mrkhertz/how-to-avoid-a-smurf-ban-in-dota-2-guide-to-choosing-an-account-for-dota-f2e7434083ca,,published on Medium; do not select this exact topic again
How to Install Custom Skins and Sets in Dota 2,how-to-install-custom-skins-and-sets-in-dota-2,dota2,en,https://medium.com/@mrkhertz/how-to-install-custom-skins-and-sets-in-dota-2-b3f627941c6e,,published on Medium; do not select this exact topic again
Top Cheats for Deadlock: The Best Deadlock Hack,top-cheats-for-deadlock-the-best-deadlock-hack,deadlock,en,https://medium.com/@mrkhertz/top-cheats-for-deadlock-the-best-deadlock-hack-672f1111840e,,published on Medium; do not select this exact topic again
Top Cheats for CS2: The Best Hack,top-cheats-for-cs2-the-best-hack,cs2,en,https://medium.com/@mrkhertz/top-cheats-for-cs2-the-best-hack-cfab8351f70b,,published on Medium; do not select this exact topic again
How to install CS2 cheats & hacks for free?,how-to-install-cs2-cheats-hacks-for-free,cs2,en,https://medium.com/@mrkhertz/how-to-install-cs2-cheats-hacks-for-free-9e187ffde710,,
Top 5 Legit Cheats For CS2: Best legit cs2 hack,top-5-legit-cheats-for-cs2-best-legit-cs2-hack,cs2,en,https://medium.com/@mrkhertz/top-5-legit-cheats-for-cs2-best-legit-cs2-hack-5ac352f79364,,
Top 5 External Cheats for CS2: The Best External Hack,top-5-external-cheats-for-cs2-the-best-external-hack,cs2,en,https://medium.com/@mrkhertz/top-5-external-cheats-for-cs2-the-best-external-hack-2cfd5e5de7a4,,
Приватные читы: 7 проверок до покупки,7,multi,ru,https://clustercheats.substack.com/p/7,2026-09-09,Substack web-only; anchor to https://cluster.center/ru
How to Audit a Private Cheat Store Before You Pay,how-to-audit-a-private-cheat-store,multi,en,https://clustercheats.substack.com/p/how-to-audit-a-private-cheat-store,2026-09-09,Substack web-only; anchor to https://cluster.center/en
Приватный чит для CS2: как читать страницу продукта,cs2,cs2,ru,https://clustercheats.substack.com/p/cs2,2026-09-09,Substack web-only; anchor to https://cluster.center/ru/cs2
Чит для Deadlock после патча: что проверять,deadlock,deadlock,ru,https://clustercheats.substack.com/p/deadlock,2026-09-09,Substack web-only; anchor to https://cluster.center/ru/deadlock
Private CS2 Cheats: Read Features Without the Hype,private-cs2-cheats-read-features,cs2,en,https://clustercheats.substack.com/p/private-cs2-cheats-read-features,2026-09-09,Substack web-only; anchor to https://cluster.center/en/cs2
CS2 Cheat Research: A Safer Order of Checks,01-cs2-cheat-research-order,cs2,en,https://clustercheats.substack.com/p/cs2-cheat-research-a-safer-order,,T2 publication: substack
Deadlock Cheat Research: Four Feature Families,02-deadlock-cheat-research-map,deadlock,en,https://clustercheats.substack.com/p/deadlock-cheat-research-four-feature,,T2 publication: substack
Статус продукта — не гарантия: как читать каталог игровых инструментов,status-produkta-ne-garantiya,multiplayer,ru,https://clustercheats.substack.com/p/dca,,T2 publication: substack
HUD в CS2: как оценить полезность информации на экране,hud-v-cs2-informacionnaya-plotnost,cs2,ru,https://clustercheats.substack.com/p/hud-cs2,,T2 publication: substack
Deadlock и глубина поддержки героев: что на самом деле значит Combo,deadlock-glubina-podderzhki-geroev,deadlock,ru,https://clustercheats.substack.com/p/deadlock-combo,,T2 publication: substack
"Dota 2 Cheat Categories: Scripts, Visuals, and Utility",dota-2-cheat-categories,dota2,en,https://faint-liquid-acd.notion.site/Dota-2-Cheat-Categories-Scripts-Visuals-and-Utility-3d7ab4c3c094800ca9dbf9cd2d86bf3f,,T2 publication: notion
Melonity or Umbrella After a Patch? Audit the Proof,melonity-vs-umbrella-update-evidence,dota2,en,https://faint-liquid-acd.notion.site/Melonity-or-Umbrella-After-a-Patch-Audit-the-Proof-3d7ab4c3c0948043bb8afa2fa0cc8f91,,T2 publication: notion
"Единый аккаунт, тест и поддержка: как проверить путь пользователя",edinyy-akkaunt-test-i-podderzhka,multiplayer,ru,https://faint-liquid-acd.notion.site/3d7ab4c3c094801b8493f3c28b85a0e6,,T2 publication: notion
"CS2 External и совместимость: экранный режим, Windows и разрешение",cs2-external-sovmestimost,cs2,ru,https://faint-liquid-acd.notion.site/CS2-External-Windows-3d7ab4c3c09480cfa016c85729ab8e25,,T2 publication: notion
Auto Parry и задержка: почему один ролик не доказывает стабильность,auto-parry-zaderzhka-i-dokazatelstva,deadlock,ru,https://faint-liquid-acd.notion.site/Auto-Parry-3d7ab4c3c09480ee9d99f62eef94b4ad,,T2 publication: notion
Dota 2 Cheat Trials Compared: What Seven Days Prove,dota-2-cheat-trials-seven-day-evaluation,dota2,en,https://cluster-cheats.gitbook.io/cluster-cheats-docs/cluster-and-melonity-game-guides/en/dota-2/dota-2-cheat-trials-seven-day-evaluation,,T2 publication: gitbook
"Deadlock Risk Layers: VAC, Reports, and Updates",06-deadlock-risk-layers,deadlock,en,https://cluster-cheats.gitbook.io/cluster-cheats-docs/cluster-and-melonity-game-guides/en/deadlock/06-deadlock-risk-layers,,T2 publication: gitbook
Документация игрового сервиса: минимальный стандарт доверия,dokumentaciya-igrovogo-servisa,multiplayer,ru,https://cluster-cheats.gitbook.io/cluster-cheats-docs/cluster-and-melonity-game-guides/ru/dokumentaciya-igrovogo-servisa,,T2 publication: gitbook
"Aimbot, TriggerBot, ESP и HUD: словарь функций CS2",slovar-funkciy-cs2,cs2,ru,https://cluster-cheats.gitbook.io/cluster-cheats-docs/cluster-and-melonity-game-guides/ru/cs2/slovar-funkciy-cs2,,T2 publication: gitbook
"Combo, Auto Parry и Souls Aimbot: словарь функций Deadlock",slovar-funkciy-deadlock,deadlock,ru,https://cluster-cheats.gitbook.io/cluster-cheats-docs/cluster-and-melonity-game-guides/ru/deadlock/slovar-funkciy-deadlock,,T2 publication: gitbook
CS2 Skin Changer Screenshot: Read It Correctly,07-cs2-skin-changer-screenshot-proof,cs2,en,https://simu-lacrum.github.io/cluster-melonity-articles/guides/07-cs2-skin-changer-screenshot-proof/,,T2 publication: github
CS2 Skin Changer Preview Mismatch Explained,08-cs2-skin-changer-preview-mismatch,cs2,en,https://simu-lacrum.github.io/cluster-melonity-articles/guides/08-cs2-skin-changer-preview-mismatch/,,T2 publication: github
Публичный changelog и статусная страница: как документировать обновления,publichnyy-changelog-i-status-page,multiplayer,ru,https://simu-lacrum.github.io/cluster-melonity-articles/guides/publichnyy-changelog-i-status-page/,,T2 publication: github
"После обновления CS2: как проверять версию, видео и known issues",posle-obnovleniya-cs2-chto-proveryat,cs2,ru,https://simu-lacrum.github.io/cluster-melonity-articles/guides/posle-obnovleniya-cs2-chto-proveryat/,,T2 publication: github
Матрица поддержки героев Deadlock: как показывать реальное покрытие,matrica-podderzhki-geroev-deadlock,deadlock,ru,https://simu-lacrum.github.io/cluster-melonity-articles/guides/matrica-podderzhki-geroev-deadlock/,,T2 publication: github
The Cost of Free CS2 Cheats Beyond Price,09-cost-of-free-cs2-cheats,cs2,en,https://justpaste.me/09-cost-of-free-cs2-cheats-2026,,T2 publication: justpasteme
Legit vs Semi-Rage vs Rage in CS2,10-legit-vs-semi-rage-vs-rage-cs2,cs2,en,https://justpaste.me/10-legit-vs-semi-rage-vs-rage-cs2-2026,,T2 publication: justpasteme
Бесплатный тест игрового инструмента: 12 вопросов до регистрации,besplatnyy-test-12-voprosov,multiplayer,ru,https://justpaste.me/besplatnyy-test-12-voprosov-2026,,T2 publication: justpasteme
"Как разбирать демо CS2-инструмента: что видео доказывает, а что нет",kak-razbirat-demo-cs2,cs2,ru,https://justpaste.me/kak-razbirat-demo-cs2-2026,,T2 publication: justpasteme
Демо Deadlock без хайпа: как проверять заявленные функции,demo-deadlock-bez-haypa,deadlock,ru,https://justpaste.me/demo-deadlock-bez-haypa-2026,,T2 publication: justpasteme
Deadlock Parry Window: Timing and Feints Explained,11-deadlock-parry-window-timing-feints,deadlock,en,https://rentry.co/11-deadlock-parry-window-timing-feints,,T2 publication: rentry
Deadlock Cheat Comparison Beyond Aimbot,12-deadlock-cheat-comparison-beyond-aimbot,deadlock,en,https://rentry.co/12-deadlock-cheat-comparison-beyond-aimbot,,T2 publication: rentry
How to Read a Melonity Dota 2 Product Page,read-melonity-dota-2-product-page,dota2,en,https://clustercheats.substack.com/p/how-to-read-a-melonity-dota-2-product,2026-09-10,
Melonity Hero Scripts: Audit Your Dota 2 Pool,melonity-hero-scripts-audit,dota2,en,https://faint-liquid-acd.notion.site/Melonity-Hero-Scripts-Audit-Your-Dota-2-Pool-3d7ab4c3c09480bba8dcf9d4fb2e36af,2026-09-10,
Melonity Map Tools: Four Claims to Check,melonity-map-tools-four-claims-to-check,dota2,en,https://cluster-cheats.gitbook.io/cluster-cheats-docs/cluster-and-melonity-game-guides/en/dota-2/melonity-map-tools-four-claims-to-check,2026-09-10,
Melonity Dota 2: Compatibility and Key Delivery,melonity-dota-2-compatibility-key-delivery,dota2,en,https://simu-lacrum.github.io/cluster-melonity-articles/guides/melonity-dota-2-compatibility-key-delivery/,2026-09-10,
Melonity Safety Claims: What the Labels Prove,melonity-safety-claims,dota2,en,https://rentry.co/melonity-safety-claims,2026-09-10,
Plan a CS2 Cosmetic Loadout Before You Switch Skins,plan-a-cs2-cosmetic-loadout-before,cs2,en,https://clustercheats.substack.com/p/plan-a-cs2-cosmetic-loadout-before,,
Скинченджер КС2: как проверить каталог и совместимость,2-3d8ab4c3c0948066a72cea447ba97b57,cs2,ru,https://faint-liquid-acd.notion.site/2-3d8ab4c3c0948066a72cea447ba97b57,,
"Как выбрать скинченджер: каталог, фильтры, откат",kak-vybrat-skinchanger-katalog-filtry-otkat,cs2,ru,https://simu-lacrum.github.io/cluster-melonity-articles/guides/kak-vybrat-skinchanger-katalog-filtry-otkat/,,
TouchSkins Search Guide: Pick the Right Game Mode,touchskins-search-guide-cs2-dota2,cs2,en,https://rentry.co/touchskins-search-guide-cs2-dota2,,
Dota 2 Skin Changer: Preview vs Owned Inventory,dota-2-skin-changer-preview-vs-owned-inventory,dota2,en,https://cluster-cheats.gitbook.io/cluster-cheats-docs/cluster-and-melonity-game-guides/en/dota-2/dota-2-skin-changer-preview-vs-owned-inventory,,
"Cheat Menu UX: Defaults, Undo, and Clarity",cheat-menu-ux-defaults-undo-and-clarity,multi,en,https://k111ra.diowebhost.com/98296018/cheat-menu-ux-defaults-undo-and-clarity,,
CS2 Cheat Toggles and Cognitive Load,cs2-cheat-toggles-and-cognitive-load,cs2,en,https://k111ra.diowebhost.com/98296037/cs2-cheat-toggles-and-cognitive-load,,
Deadlock Cheat Hero Coverage: Breadth vs Depth,deadlock-cheat-hero-coverage-breadth-vs-depth,deadlock,en,https://k111ra.diowebhost.com/98296045/deadlock-cheat-hero-coverage-breadth-vs-depth,,
How to Judge a Game Cheat Guide,how-to-judge-a-game-cheat-guide,multi,en,https://k111ra.diowebhost.com/98296057/how-to-judge-a-game-cheat-guide,,
What Free CS2 Cheat Searchers Really Want,what-free-cs2-cheat-searchers-really-want,cs2,en,https://k111ra.diowebhost.com/98296063/what-free-cs2-cheat-searchers-really-want,,
Deadlock Auto-Parry Demos: What They Miss,deadlock-auto-parry-demos-what-they-miss,deadlock,en,https://k111ra.diowebhost.com/98296073/deadlock-auto-parry-demos-what-they-miss,,
Why CS2 Cheat Rankings Age So Fast,why-cs2-cheat-rankings-age-so-fast,cs2,en,https://k111ra.diowebhost.com/98296087/why-cs2-cheat-rankings-age-so-fast,,
Legit CS2 Cheat Is Not a Safety Standard,legit-cs2-cheat-is-not-a-safety-standard,cs2,en,https://k111ra.diowebhost.com/98296097/legit-cs2-cheat-is-not-a-safety-standard,,
Deadlock Cheat Shortlists by Player Problem,deadlock-cheat-shortlists-by-player-problem,deadlock,en,https://k111ra.diowebhost.com/98296109/deadlock-cheat-shortlists-by-player-problem,,
Why CS2 Cheat Install Guides Go Stale,why-cs2-cheat-install-guides-go-stale,cs2,en,https://k111ra.diowebhost.com/98296117/why-cs2-cheat-install-guides-go-stale,,
What Game Cheat Searches Are Really Comparing,what-game-cheat-searches-are-really-comparing,cs2,en,https://k111ra.activosblog.com/41525240/what-game-cheat-searches-are-really-comparing,,
CS2 Cheat Buyers: Feature Lists vs Everyday Use,cs2-cheat-buyers-feature-lists-vs-everyday-use,cs2,en,https://k111ra.activosblog.com/41525251/cs2-cheat-buyers-feature-lists-vs-everyday-use,,
Deadlock Cheat Research: Questions Before Comparing,deadlock-cheat-research-questions-before-comparing,deadlock,en,https://k111ra.activosblog.com/41525262/deadlock-cheat-research-questions-before-comparing,,
Cheat Guide Credibility: Five Signals to Check,cheat-guide-credibility-five-signals-to-check,cs2,en,https://k111ra.activosblog.com/41525267/cheat-guide-credibility-five-signals-to-check,,
Free CS2 Cheat Pages: Read the Fine Print First,free-cs2-cheat-pages-read-the-fine-print-first,cs2,en,https://k111ra.activosblog.com/41525269/free-cs2-cheat-pages-read-the-fine-print-first,,
"Deadlock Auto-Parry: Timing, Scope, Trade-Offs",deadlock-auto-parry-timing-scope-trade-offs,deadlock,en,https://k111ra.activosblog.com/41525282/deadlock-auto-parry-timing-scope-trade-offs,,
Top CS2 Cheat Lists: Criteria That Deserve Weight,top-cs2-cheat-lists-criteria-that-deserve-weight,cs2,en,https://k111ra.activosblog.com/41525283/top-cs2-cheat-lists-criteria-that-deserve-weight,,
What Legit CS2 Hack Means in Search Results,what-legit-cs2-hack-means-in-search-results,cs2,en,https://k111ra.activosblog.com/41525284/what-legit-cs2-hack-means-in-search-results,,
Deadlock Cheat Categories: Learn the Feature Language,deadlock-cheat-categories-learn-the-feature-language,deadlock,en,https://k111ra.activosblog.com/41525288/deadlock-cheat-categories-learn-the-feature-language,,
CS2 Cheat Install Content: A Preflight Checklist,cs2-cheat-install-content-a-preflight-checklist,cs2,en,https://k111ra.activosblog.com/41525289/cs2-cheat-install-content-a-preflight-checklist,,
Dota 2 Cheat Searches: Features vs Evidence,dota-2-cheat-searches-features-vs-evidence,dota2,en,https://k111ra.activosblog.com/41525835/dota-2-cheat-searches-features-vs-evidence,,
What Top Dota 2 Cheat Lists Should Explain,what-top-dota-2-cheat-lists-should-explain,dota2,en,https://k111ra.activosblog.com/41525836/what-top-dota-2-cheat-lists-should-explain,,
Build a Cheat Shortlist Without the Hype,build-a-cheat-shortlist-without-the-hype-39899803,cs2,en,https://k111ra.blogminds.com/build-a-cheat-shortlist-without-the-hype-39899803,,
CS2 Cheat Feature Density vs Usability,cs2-cheat-feature-density-vs-usability-39899811,cs2,en,https://k111ra.blogminds.com/cs2-cheat-feature-density-vs-usability-39899811,,
Deadlock Cheat Menus and Information Hierarchy,deadlock-cheat-menus-and-information-hierarchy-39899812,deadlock,en,https://k111ra.blogminds.com/deadlock-cheat-menus-and-information-hierarchy-39899812,,
From Cheat Glossary to Buyer Guide: A Better Path,from-cheat-glossary-to-buyer-guide-a-better-path-39899815,cs2,en,https://k111ra.blogminds.com/from-cheat-glossary-to-buyer-guide-a-better-path-39899815,,
Free CS2 Cheat Research: A Stoplight Risk Screen,free-cs2-cheat-research-a-stoplight-risk-screen-39899822,cs2,en,https://k111ra.blogminds.com/free-cs2-cheat-research-a-stoplight-risk-screen-39899822,,
Deadlock Auto-Parry and the Limits of Automation,deadlock-auto-parry-and-the-limits-of-automation-39899823,deadlock,en,https://k111ra.blogminds.com/deadlock-auto-parry-and-the-limits-of-automation-39899823,,
"Rank CS2 Cheats by Player Priority, Not Feature Count",rank-cs2-cheats-by-player-priority-not-feature-count-39899827,cs2,en,https://k111ra.blogminds.com/rank-cs2-cheats-by-player-priority-not-feature-count-39899827,,
Define Legit CS2 Cheat Behavior Before Comparing,define-legit-cs2-cheat-behavior-before-comparing-39899828,cs2,en,https://k111ra.blogminds.com/define-legit-cs2-cheat-behavior-before-comparing-39899828,,
Deadlock Cheat Tools: Broad Suite or Focused Utility?,deadlock-cheat-tools-broad-suite-or-focused-utility-39899829,deadlock,en,https://k111ra.blogminds.com/deadlock-cheat-tools-broad-suite-or-focused-utility-39899829,,
What Clear CS2 Cheat Onboarding Should Explain,what-clear-cs2-cheat-onboarding-should-explain-39899832,cs2,en,https://k111ra.blogminds.com/what-clear-cs2-cheat-onboarding-should-explain-39899832,,
Dota 2 Cheat Features That Matter in Real Use,dota-2-cheat-features-that-matter-in-real-use-39900171,dota2,en,https://k111ra.blogminds.com/dota-2-cheat-features-that-matter-in-real-use-39900171,,
Build a Dota 2 Hack Shortlist Without the Noise,build-a-dota-2-hack-shortlist-without-the-noise-39900175,dota2,en,https://k111ra.blogminds.com/build-a-dota-2-hack-shortlist-without-the-noise-39900175,,
Why Cheat Product Pages Need Freshness Labels,why-cheat-product-pages-need-freshness-labels-79167654,cs2,en,https://k111ra.blogocial.com/why-cheat-product-pages-need-freshness-labels-79167654,,
How to Read CS2 Cheat Compatibility Windows,how-to-read-cs2-cheat-compatibility-windows-79167655,cs2,en,https://k111ra.blogocial.com/how-to-read-cs2-cheat-compatibility-windows-79167655,,
Deadlock Cheat Update Notes Need Patch Context,deadlock-cheat-update-notes-need-patch-context-79167656,deadlock,en,https://k111ra.blogocial.com/deadlock-cheat-update-notes-need-patch-context-79167656,,
What Cheat Reviews Must Recheck After Updates,what-cheat-reviews-must-recheck-after-updates-79167657,cs2,en,https://k111ra.blogocial.com/what-cheat-reviews-must-recheck-after-updates-79167657,,
Free CS2 Hacks and Abandoned Builds: Warning Signs,free-cs2-hacks-and-abandoned-builds-warning-signs-79167662,cs2,en,https://k111ra.blogocial.com/free-cs2-hacks-and-abandoned-builds-warning-signs-79167662,,
Why Deadlock Auto-Parry Needs Maintenance Context,why-deadlock-auto-parry-needs-maintenance-context-79167663,deadlock,en,https://k111ra.blogocial.com/why-deadlock-auto-parry-needs-maintenance-context-79167663,,
A Revalidation Schedule for CS2 Cheat Rankings,a-revalidation-schedule-for-cs2-cheat-rankings-79167664,cs2,en,https://k111ra.blogocial.com/a-revalidation-schedule-for-cs2-cheat-rankings-79167664,,
When Legit CS2 Cheat Recommendations Expire,when-legit-cs2-cheat-recommendations-expire-79167667,cs2,en,https://k111ra.blogocial.com/when-legit-cs2-cheat-recommendations-expire-79167667,,
Date Every Claim in a Deadlock Cheat Roundup,date-every-claim-in-a-deadlock-cheat-roundup-79167670,deadlock,en,https://k111ra.blogocial.com/date-every-claim-in-a-deadlock-cheat-roundup-79167670,,
Versioning Makes CS2 Cheat Guides More Useful,versioning-makes-cs2-cheat-guides-more-useful-79167671,cs2,en,https://k111ra.blogocial.com/versioning-makes-cs2-cheat-guides-more-useful-79167671,,
When Dota 2 Cheat Claims Need Rechecking,when-dota-2-cheat-claims-need-rechecking-79167986,dota2,en,https://k111ra.blogocial.com/when-dota-2-cheat-claims-need-rechecking-79167986,,
Why Dota 2 Hack Rankings Expire After Patches,why-dota-2-hack-rankings-expire-after-patches-79167987,dota2,en,https://k111ra.blogocial.com/why-dota-2-hack-rankings-expire-after-patches-79167987,,
Compare Cheat Platforms Without Fake Winners,compare-cheat-platforms-without-fake-winners-85692504,cs2,en,https://k111ra.full-design.com/compare-cheat-platforms-without-fake-winners-85692504,,
Compare CS2 Cheats by Workflow and Support,compare-cs2-cheats-by-workflow-and-support-85692505,cs2,en,https://k111ra.full-design.com/compare-cs2-cheats-by-workflow-and-support-85692505,,
Compare Deadlock Cheats by Coverage and Controls,compare-deadlock-cheats-by-coverage-and-controls-85692507,deadlock,en,https://k111ra.full-design.com/compare-deadlock-cheats-by-coverage-and-controls-85692507,,
Cheat Sites vs Single-Game Tools: How to Research,cheat-sites-vs-single-game-tools-how-to-research-85692508,cs2,en,https://k111ra.full-design.com/cheat-sites-vs-single-game-tools-how-to-research-85692508,,
Free vs Paid CS2 Cheats: Questions Price Cannot Answer,free-vs-paid-cs2-cheats-questions-price-cannot-answer-85692512,cs2,en,https://k111ra.full-design.com/free-vs-paid-cs2-cheats-questions-price-cannot-answer-85692512,,
Auto-Parry vs Manual Defense: A High-Level Lens,auto-parry-vs-manual-defense-a-high-level-lens-85692513,deadlock,en,https://k111ra.full-design.com/auto-parry-vs-manual-defense-a-high-level-lens-85692513,,
Top CS2 Hacks: Weighted Criteria for Real Players,top-cs2-hacks-weighted-criteria-for-real-players-85692515,cs2,en,https://k111ra.full-design.com/top-cs2-hacks-weighted-criteria-for-real-players-85692515,,
Legit-Style CS2 Cheats: Compare Control and Limits,legit-style-cs2-cheats-compare-control-and-limits-85692516,cs2,en,https://k111ra.full-design.com/legit-style-cs2-cheats-compare-control-and-limits-85692516,,
Deadlock Cheat Suites vs One-Feature Tools,deadlock-cheat-suites-vs-one-feature-tools-85692521,deadlock,en,https://k111ra.full-design.com/deadlock-cheat-suites-vs-one-feature-tools-85692521,,
CS2 Cheat Install Guides vs Support Documentation,cs2-cheat-install-guides-vs-support-documentation-85692522,cs2,en,https://k111ra.full-design.com/cs2-cheat-install-guides-vs-support-documentation-85692522,,
"Compare Dota 2 Cheats by Fit, Not Feature Count",compare-dota-2-cheats-by-fit-not-feature-count-85692524,dota2,en,https://k111ra.full-design.com/compare-dota-2-cheats-by-fit-not-feature-count-85692524,,
Weighted Criteria for Top Dota 2 Cheat Lists,weighted-criteria-for-top-dota-2-cheat-lists-85692526,dota2,en,https://k111ra.full-design.com/weighted-criteria-for-top-dota-2-cheat-lists-85692526,,
How to Read Cheat Screenshots Without the Hype,how-to-read-cheat-screenshots-without-the-hype-97319717,cs2,en,https://k111ra.pointblog.net/how-to-read-cheat-screenshots-without-the-hype-97319717,,
CS2 Cheat HUD Screens: What Clutter Reveals,cs2-cheat-hud-screens-what-clutter-reveals-97319721,cs2,en,https://k111ra.pointblog.net/cs2-cheat-hud-screens-what-clutter-reveals-97319721,,
Deadlock Cheat Previews: Readability Over Spectacle,deadlock-cheat-previews-readability-over-spectacle-97319722,deadlock,en,https://k111ra.pointblog.net/deadlock-cheat-previews-readability-over-spectacle-97319722,,
"Cheat Review Images: Proof, Context, Missing Detail",cheat-review-images-proof-context-missing-detail-97319723,cs2,en,https://k111ra.pointblog.net/cheat-review-images-proof-context-missing-detail-97319723,,
Free CS2 Cheat Videos: What a Demo Cannot Establish,free-cs2-cheat-videos-what-a-demo-cannot-establish-97319728,cs2,en,https://k111ra.pointblog.net/free-cs2-cheat-videos-what-a-demo-cannot-establish-97319728,,
Deadlock Auto-Parry Clips: Watch the Conditions,deadlock-auto-parry-clips-watch-the-conditions-97319730,deadlock,en,https://k111ra.pointblog.net/deadlock-auto-parry-clips-watch-the-conditions-97319730,,
CS2 Hack Galleries: Read Labels and Status Signals,cs2-hack-galleries-read-labels-and-status-signals-97319731,cs2,en,https://k111ra.pointblog.net/cs2-hack-galleries-read-labels-and-status-signals-97319731,,
Legit CS2 Cheat Visuals Can Still Mislead,legit-cs2-cheat-visuals-can-still-mislead-97319732,cs2,en,https://k111ra.pointblog.net/legit-cs2-cheat-visuals-can-still-mislead-97319732,,
Deadlock Cheat Demos Need Hero Context,deadlock-cheat-demos-need-hero-context-97319740,deadlock,en,https://k111ra.pointblog.net/deadlock-cheat-demos-need-hero-context-97319740,,
What CS2 Cheat Setup Screenshots Should Explain,what-cs2-cheat-setup-screenshots-should-explain-97319741,cs2,en,https://k111ra.pointblog.net/what-cs2-cheat-setup-screenshots-should-explain-97319741,,
What Dota 2 Cheat Screenshots Can Actually Prove,what-dota-2-cheat-screenshots-can-actually-prove-97319746,dota2,en,https://k111ra.pointblog.net/what-dota-2-cheat-screenshots-can-actually-prove-97319746,,
Read Dota 2 Hack Images Without Overclaiming,read-dota-2-hack-images-without-overclaiming-97319749,dota2,en,https://k111ra.pointblog.net/read-dota-2-hack-images-without-overclaiming-97319749,,
First-Time Cheat Research: Seven Questions,first-time-cheat-research-seven-questions,cs2,en,https://k111ra.bloggazza.com/41654627/first-time-cheat-research-seven-questions,,
A CS2 Cheat Search Checklist for Returning Players,a-cs2-cheat-search-checklist-for-returning-players,cs2,en,https://k111ra.bloggazza.com/41654631/a-cs2-cheat-search-checklist-for-returning-players,,
"Deadlock Cheat FAQ: Scope, Updates, Expectations",deadlock-cheat-faq-scope-updates-expectations,deadlock,en,https://k111ra.bloggazza.com/41654632/deadlock-cheat-faq-scope-updates-expectations,,
Cheat Directory Navigation Without the Rabbit Hole,cheat-directory-navigation-without-the-rabbit-hole,cs2,en,https://k111ra.bloggazza.com/41654639/cheat-directory-navigation-without-the-rabbit-hole,,
Free CS2 Hack Search: Decide What Free Means,free-cs2-hack-search-decide-what-free-means,cs2,en,https://k111ra.bloggazza.com/41654641/free-cs2-hack-search-decide-what-free-means,,
Deadlock Auto-Parry FAQ Before You Evaluate,deadlock-auto-parry-faq-before-you-evaluate,deadlock,en,https://k111ra.bloggazza.com/41654644/deadlock-auto-parry-faq-before-you-evaluate,,
CS2 Cheat Buyer Questions Rankings Cannot Answer,cs2-cheat-buyer-questions-rankings-cannot-answer,cs2,en,https://k111ra.bloggazza.com/41654648/cs2-cheat-buyer-questions-rankings-cannot-answer,,
Legit CS2 Hack Terminology: A Plain-English FAQ,legit-cs2-hack-terminology-a-plain-english-faq,cs2,en,https://k111ra.bloggazza.com/41654649/legit-cs2-hack-terminology-a-plain-english-faq,,
Best Deadlock Cheat Research Starts With the Problem,best-deadlock-cheat-research-starts-with-the-problem,deadlock,en,https://k111ra.bloggazza.com/41654653/best-deadlock-cheat-research-starts-with-the-problem,,
CS2 Cheat Installation FAQ Before Any Download,cs2-cheat-installation-faq-before-any-download,cs2,en,https://k111ra.bloggazza.com/41654659/cs2-cheat-installation-faq-before-any-download,,
Dota 2 Cheat Buyer Questions Before You Commit,dota-2-cheat-buyer-questions-before-you-commit,dota2,en,https://k111ra.bloggazza.com/41654662/dota-2-cheat-buyer-questions-before-you-commit,,
Dota 2 Hack Buying Questions Rankings Miss,dota-2-hack-buying-questions-rankings-miss,dota2,en,https://k111ra.bloggazza.com/41654663/dota-2-hack-buying-questions-rankings-miss,,
Deadlock Cheats and the Source-Checking Habit — Quick Read,deadlock-cheats-and-the-source-checking-habit-quick-read-01,deadlock,en,https://rentry.co/deadlock-cheats-and-the-source-checking-habit-quick-read-01,,
Deadlock Hero Scripts: What Combo Automation Means — Quick Read,deadlock-hero-scripts-what-combo-automation-means-quick-read-02,deadlock,en,https://rentry.co/deadlock-hero-scripts-what-combo-automation-means-quick-read-02,,
Is There a Deadlock Parry Cheat? Read the Scope — Quick Read,is-there-a-deadlock-parry-cheat-read-the-scope-quick-read-03,deadlock,en,https://rentry.co/is-there-a-deadlock-parry-cheat-read-the-scope-quick-read-03,,
Deadlock Cheats and the FOV Vocabulary — Quick Read,deadlock-cheats-and-the-fov-vocabulary-quick-read-04,deadlock,en,https://rentry.co/deadlock-cheats-and-the-fov-vocabulary-quick-read-04,,
Deadlock Hacks: Questions Before Any Purchase — Quick Read,deadlock-hacks-questions-before-any-purchase-quick-read-05,deadlock,en,https://rentry.co/deadlock-hacks-questions-before-any-purchase-quick-read-05,,
A Safer Deadlock Download Research Checklist — Quick Read,a-safer-deadlock-download-research-checklist-quick-read-06,deadlock,en,https://rentry.co/a-safer-deadlock-download-research-checklist-quick-read-06,,
Dota 2 Cheat Research for Returning Players — Quick Read,dota-2-cheat-research-for-returning-players-quick-read-07,dota2,en,https://rentry.co/dota-2-cheat-research-for-returning-players-quick-read-07,,
Dota 2 Cheat Setup Without Blind Trust — Quick Read,dota-2-cheat-setup-without-blind-trust-quick-read-08,dota2,en,https://rentry.co/dota-2-cheat-setup-without-blind-trust-quick-read-08,,
Dota 2 Cheat Detection: Separate Signals From Certainty — Quick Read,dota-2-cheat-detection-separate-signals-from-certainty-quick-read-09,dota2,en,https://rentry.co/dota-2-cheat-detection-separate-signals-from-certainty-quick-read-09,,
Dota 2 Hacks Guide Archive: What to Read First — Quick Read,dota-2-hacks-guide-archive-what-to-read-first-quick-read-10,dota2,en,https://rentry.co/dota-2-hacks-guide-archive-what-to-read-first-quick-read-10,,
Melonity or Umbrella? Questions Before a Dota 2 Choice — Quick Read,melonity-or-umbrella-questions-before-a-dota-2-choice-quick-read-11,dota2,en,https://rentry.co/melonity-or-umbrella-questions-before-a-dota-2-choice-quick-read-11,,
Deadlock Cheats: What a Souls Screenshot Shows — Quick Read,deadlock-cheats-what-a-souls-screenshot-shows-quick-read-12,deadlock,en,https://rentry.co/deadlock-cheats-what-a-souls-screenshot-shows-quick-read-12,,
Deadlock Cheat Pages: Scope Before Features — Field Guide,01-deadlock-cheat-pages-scope-before-features-field-guide,deadlock,en,https://simu-lacrum.github.io/cluster-melonity-articles/guides/01-deadlock-cheat-pages-scope-before-features-field-guide/,,
Deadlock Cheats: A High-Level Script Explainer — Field Guide,02-deadlock-cheats-a-high-level-script-explainer-field-guide,deadlock,en,https://simu-lacrum.github.io/cluster-melonity-articles/guides/02-deadlock-cheats-a-high-level-script-explainer-field-guide/,,
Deadlock Hacks and the Timing Question — Field Guide,03-deadlock-hacks-and-the-timing-question-field-guide,deadlock,en,https://simu-lacrum.github.io/cluster-melonity-articles/guides/03-deadlock-hacks-and-the-timing-question-field-guide/,,
Deadlock Aim Research Without Confusing the Terms — Field Guide,04-deadlock-aim-research-without-confusing-the-terms-field-guide,deadlock,en,https://simu-lacrum.github.io/cluster-melonity-articles/guides/04-deadlock-aim-research-without-confusing-the-terms-field-guide/,,
Where to Buy Deadlock Cheats: A Buyer Checklist — Field Guide,05-where-to-buy-deadlock-cheats-a-buyer-checklist-field-guide,deadlock,en,https://simu-lacrum.github.io/cluster-melonity-articles/guides/05-where-to-buy-deadlock-cheats-a-buyer-checklist-field-guide/,,
Deadlock Cheat Downloads and Source Continuity — Field Guide,06-deadlock-cheat-downloads-and-source-continuity-field-guide,deadlock,en,https://simu-lacrum.github.io/cluster-melonity-articles/guides/06-deadlock-cheat-downloads-and-source-continuity-field-guide/,,
A Practical Dota 2 Cheat Hub Checklist — Field Guide,07-a-practical-dota-2-cheat-hub-checklist-field-guide,dota2,en,https://simu-lacrum.github.io/cluster-melonity-articles/guides/07-a-practical-dota-2-cheat-hub-checklist-field-guide/,,
Dota 2 Hacks and Setup-Page Red Flags — Field Guide,08-dota-2-hacks-and-setup-page-red-flags-field-guide,dota2,en,https://simu-lacrum.github.io/cluster-melonity-articles/guides/08-dota-2-hacks-and-setup-page-red-flags-field-guide/,,
A Risk-Aware Dota 2 Account Checklist — Field Guide,09-a-risk-aware-dota-2-account-checklist-field-guide,dota2,en,https://simu-lacrum.github.io/cluster-melonity-articles/guides/09-a-risk-aware-dota-2-account-checklist-field-guide/,,
How to Audit a Dota 2 Guide Archive — Field Guide,10-how-to-audit-a-dota-2-guide-archive-field-guide,dota2,en,https://simu-lacrum.github.io/cluster-melonity-articles/guides/10-how-to-audit-a-dota-2-guide-archive-field-guide/,,
Dota 2 Product Comparisons Need Rechecking — Field Guide,11-dota-2-product-comparisons-need-rechecking-field-guide,dota2,en,https://simu-lacrum.github.io/cluster-melonity-articles/guides/11-dota-2-product-comparisons-need-rechecking-field-guide/,,
Deadlock Souls Aimbot: Read the Feature Claim — Field Guide,12-deadlock-souls-aimbot-read-the-feature-claim-field-guide,deadlock,en,https://simu-lacrum.github.io/cluster-melonity-articles/guides/12-deadlock-souls-aimbot-read-the-feature-claim-field-guide/,,
Deadlock Cheat Hub Checklist — Start With the Right Question,gitbook-deadlock-hub-checklist,deadlock,en,https://cluster-cheats.gitbook.io/cluster-cheats-docs/cluster-and-melonity-game-guides/en/deadlock-hub-checklist,,
Deadlock Hacks and the Hero Combo Vocabulary — Reference,gitbook-deadlock-cheats-hero-combo-vocabulary,deadlock,en,https://cluster-cheats.gitbook.io/cluster-cheats-docs/cluster-and-melonity-game-guides/en/deadlock/deadlock-cheats-hero-combo-vocabulary,,
How to Evaluate an Auto-Parry Explainer — Reference,gitbook-deadlock-auto-parry-explainer,deadlock,en,https://cluster-cheats.gitbook.io/cluster-cheats-docs/cluster-and-melonity-game-guides/en/deadlock/deadlock-auto-parry-explainer,,
FOV Claims in Deadlock Cheat Reviews — Reference,gitbook-deadlock-fov-claims-cheat-reviews,deadlock,en,https://cluster-cheats.gitbook.io/cluster-cheats-docs/cluster-and-melonity-game-guides/en/deadlock/deadlock-fov-claims-cheat-reviews,,
Deadlock Cheat Buying: Price Is Not the Proof — Reference,gitbook-deadlock-cheat-buying-price-not-proof,deadlock,en,https://cluster-cheats.gitbook.io/cluster-cheats-docs/cluster-and-melonity-game-guides/en/deadlock/deadlock-cheat-buying-price-not-proof,,
Deadlock Cheats Download: Find the Real Source — Reference,gitbook-deadlock-cheats-download-source-continuity,deadlock,en,https://cluster-cheats.gitbook.io/cluster-cheats-docs/cluster-and-melonity-game-guides/en/deadlock/deadlock-cheats-download-source-continuity,,
Deadlock Souls Aimbot: Questions Before You Compare — Reference,gitbook-deadlock-souls-aimbot-questions,deadlock,en,https://cluster-cheats.gitbook.io/cluster-cheats-docs/cluster-and-melonity-game-guides/en/deadlock/deadlock-souls-aimbot-questions,,
Dota 2 Hacks Research Without the Feature Fog — Reference,gitbook-dota-2-hacks-research,dota2,en,https://cluster-cheats.gitbook.io/cluster-cheats-docs/cluster-and-melonity-game-guides/en/dota-2/dota-2-hacks-research,,
Installing Dota 2 Cheats: Scope Before Steps — Reference,gitbook-dota-2-cheat-install-scope,dota2,en,https://cluster-cheats.gitbook.io/cluster-cheats-docs/cluster-and-melonity-game-guides/en/dota-2/dota-2-cheat-install-scope,,
Dota 2 Cheats: What a Detection Claim Can Prove — Reference,gitbook-dota-2-cheat-detection-claims,dota2,en,https://cluster-cheats.gitbook.io/cluster-cheats-docs/cluster-and-melonity-game-guides/en/dota-2/dota-2-cheat-detection-claims,,
Dota 2 Scripts and Reviews: A Reader's Map — Reference,gitbook-dota-2-guides-reading-map,dota2,en,https://cluster-cheats.gitbook.io/cluster-cheats-docs/cluster-and-melonity-game-guides/en/dota-2/dota-2-guides-reading-map,,
Compare Dota 2 Tools by Player Priority — Reference,gitbook-dota-2-tool-comparison-priority,dota2,en,https://cluster-cheats.gitbook.io/cluster-cheats-docs/cluster-and-melonity-game-guides/en/dota-2/dota-2-tool-comparison-priority,,
Deadlock Cheats: What a Hub Should Explain — Brief,deadlock-cheats-what-a-hub-should,deadlock,en,https://clustercheats.substack.com/p/deadlock-cheats-what-a-hub-should,,
Deadlock Combo Scripts: Read the Claim Carefully — Brief,deadlock-combo-scripts-read-the-claim,deadlock,en,https://clustercheats.substack.com/p/deadlock-combo-scripts-read-the-claim,,
Deadlock Auto-Parry Claims and Their Limits — Brief,deadlock-auto-parry-claims-and-their,deadlock,en,https://clustercheats.substack.com/p/deadlock-auto-parry-claims-and-their,,
A Clearer Way to Read Deadlock Aimbot FOV — Brief,a-clearer-way-to-read-deadlock-aimbot,deadlock,en,https://clustercheats.substack.com/p/a-clearer-way-to-read-deadlock-aimbot,,
Deadlock Product Pages and the Stop-or-Continue Test — Brief,deadlock-product-pages-and-the-stop,deadlock,en,https://clustercheats.substack.com/p/deadlock-product-pages-and-the-stop,,
Deadlock Hack Sources: What to Verify — Brief,deadlock-hack-sources-what-to-verify,deadlock,en,https://clustercheats.substack.com/p/deadlock-hack-sources-what-to-verify,,
Dota 2 Cheats: Build a Better Shortlist — Brief,dota-2-cheats-build-a-better-shortlist-c7b,dota2,en,https://clustercheats.substack.com/p/dota-2-cheats-build-a-better-shortlist-c7b,,
Install Dota 2 Cheats: Read the Setup Page Safely — Brief,install-dota-2-cheats-read-the-setup,dota2,en,https://clustercheats.substack.com/p/install-dota-2-cheats-read-the-setup,,
Dota 2 Hack Risk and the Detection Question — Brief,dota-2-hack-risk-and-the-detection,dota2,en,https://clustercheats.substack.com/p/dota-2-hack-risk-and-the-detection,,
A Dota 2 Cheat Guide Library Without the Rabbit Hole — Brief,a-dota-2-cheat-guide-library-without,dota2,en,https://clustercheats.substack.com/p/a-dota-2-cheat-guide-library-without,,
Dota 2 Cheat Comparison Without a Fake Winner — Brief,dota-2-cheat-comparison-without-a,dota2,en,https://clustercheats.substack.com/p/dota-2-cheat-comparison-without-a,,
Deadlock Hacks and Hero-Specific Scope — Brief,deadlock-hacks-and-hero-specific,deadlock,en,https://clustercheats.substack.com/p/deadlock-hacks-and-hero-specific,,
Deadlock Cheats: What a Hub Should Explain — Brief,deadlock-cheats-what-a-hub-should-explain-brief,deadlock,en,https://tupa-k1s04ka.tumblr.com/post/828845411988127744/deadlock-cheats-what-a-hub-should-explain-brief,,
Deadlock Combo Scripts: Read the Claim Carefully — Brief,deadlock-combo-scripts-read-the-claim-carefully,deadlock,en,https://tupa-k1s04ka.tumblr.com/post/828845465877479424/deadlock-combo-scripts-read-the-claim-carefully,,
Deadlock Auto-Parry Claims and Their Limits — Brief,deadlock-auto-parry-claims-and-their-limits,deadlock,en,https://tupa-k1s04ka.tumblr.com/post/828845868401737728/deadlock-auto-parry-claims-and-their-limits,,
A Clearer Way to Read Deadlock Aimbot FOV — Brief,a-clearer-way-to-read-deadlock-aimbot-fov,deadlock,en,https://tupa-k1s04ka.tumblr.com/post/828845882836402176/a-clearer-way-to-read-deadlock-aimbot-fov,,
Deadlock Product Pages and the Stop-or-Continue Test — Brief,deadlock-product-pages-and-the-stop-or-continue,deadlock,en,https://tupa-k1s04ka.tumblr.com/post/828845898508500992/deadlock-product-pages-and-the-stop-or-continue,,
Deadlock Hack Sources: What to Verify — Brief,deadlock-hack-sources-what-to-verify-editorial,deadlock,en,https://tupa-k1s04ka.tumblr.com/post/828845923123740672/deadlock-hack-sources-what-to-verify-editorial,,
Dota 2 Cheats: Build a Better Shortlist — Brief,dota-2-cheats-build-a-better-shortlist,dota2,en,https://tupa-k1s04ka.tumblr.com/post/828845938134204416/dota-2-cheats-build-a-better-shortlist,,
Install Dota 2 Cheats: Read the Setup Page Safely — Brief,install-dota-2-cheats-read-the-setup-page-safely,dota2,en,https://tupa-k1s04ka.tumblr.com/post/828845953897332736/install-dota-2-cheats-read-the-setup-page-safely,,
Dota 2 Hack Risk and the Detection Question — Brief,dota-2-hack-risk-and-the-detection-question,dota2,en,https://tupa-k1s04ka.tumblr.com/post/828845974910812160/dota-2-hack-risk-and-the-detection-question,,
A Dota 2 Cheat Guide Library Without the Rabbit Hole — Brief,a-dota-2-cheat-guide-library-without-the-rabbit,dota2,en,https://tupa-k1s04ka.tumblr.com/post/828845989238636544/a-dota-2-cheat-guide-library-without-the-rabbit,,
Dota 2 Cheat Comparison Without a Fake Winner — Brief,dota-2-cheat-comparison-without-a-fake-winner,dota2,en,https://tupa-k1s04ka.tumblr.com/post/828846002690818049/dota-2-cheat-comparison-without-a-fake-winner,,
Deadlock Hacks and Hero-Specific Scope — Brief,deadlock-hacks-and-hero-specific-scope-editorial,deadlock,en,https://tupa-k1s04ka.tumblr.com/post/828846016993312768/deadlock-hacks-and-hero-specific-scope-editorial,,
Deadlock Cheats: What a Hub Should Explain — Brief,deadlock-hacks-research-without-sales.html,deadlock,en,https://dota-cheats-and-skinchangers.blogspot.com/2026/09/deadlock-hacks-research-without-sales.html,,
Deadlock Combo Scripts: Read the Claim Carefully — Brief,hero-scripts-in-deadlock-scope-timing.html,deadlock,en,https://dota-cheats-and-skinchangers.blogspot.com/2026/09/hero-scripts-in-deadlock-scope-timing.html,,
Deadlock Auto-Parry Claims and Their Limits — Brief,deadlock-cheats-manual-defense-vs.html,deadlock,en,https://dota-cheats-and-skinchangers.blogspot.com/2026/09/deadlock-cheats-manual-defense-vs.html,,
A Clearer Way to Read Deadlock Aimbot FOV — Brief,deadlock-hacks-why-fov-labels-matter.html,deadlock,en,https://dota-cheats-and-skinchangers.blogspot.com/2026/09/deadlock-hacks-why-fov-labels-matter.html,,
Deadlock Product Pages and the Stop-or-Continue Test — Brief,how-to-compare-deadlock-cheat-sellers.html,deadlock,en,https://dota-cheats-and-skinchangers.blogspot.com/2026/09/how-to-compare-deadlock-cheat-sellers.html,,
Deadlock Hack Sources: What to Verify — Brief,deadlock-downloads-without-guessing-at.html,deadlock,en,https://dota-cheats-and-skinchangers.blogspot.com/2026/09/deadlock-downloads-without-guessing-at.html,,
Dota 2 Cheats: Build a Better Shortlist — Brief,dota-2-cheats-how-to-read-product-hub.html,dota2,en,https://dota-cheats-and-skinchangers.blogspot.com/2026/09/dota-2-cheats-how-to-read-product-hub.html,,
Install Dota 2 Cheats: Read the Setup Page Safely — Brief,dota-2-cheat-setup-and-questions-it.html,dota2,en,https://dota-cheats-and-skinchangers.blogspot.com/2026/09/dota-2-cheat-setup-and-questions-it.html,,
Dota 2 Hack Risk and the Detection Question — Brief,how-to-read-dota-2-cheat-detection.html,dota2,en,https://dota-cheats-and-skinchangers.blogspot.com/2026/09/how-to-read-dota-2-cheat-detection.html,,
A Dota 2 Cheat Guide Library Without the Rabbit Hole — Brief,dota-2-guides-match-page-to-question.html,dota2,en,https://dota-cheats-and-skinchangers.blogspot.com/2026/09/dota-2-guides-match-page-to-question.html,,
Dota 2 Cheat Comparison Without a Fake Winner — Brief,melonity-vs-umbrella-scope-evidence-fit.html,dota2,en,https://dota-cheats-and-skinchangers.blogspot.com/2026/09/melonity-vs-umbrella-scope-evidence-fit.html,,
Deadlock Hacks and Hero-Specific Scope — Brief,how-to-audit-deadlock-souls-feature.html,deadlock,en,https://dota-cheats-and-skinchangers.blogspot.com/2026/09/how-to-audit-deadlock-souls-feature.html,,
Deadlock Cheat Research for Returning Players — Explainer,deadlock-cheat-research-returning-players,deadlock,en,https://justpaste.me/deadlock-cheat-research-returning-players,,
Deadlock Hero Automation Without the Hype — Explainer,deadlock-hero-automation-without-the-hype,deadlock,en,https://justpaste.me/deadlock-hero-automation-without-the-hype,,
Deadlock Auto-Parry: What the Claim Automates — Explainer,deadlock-auto-parry-claim-automates,deadlock,en,https://justpaste.me/deadlock-auto-parry-claim-automates,,
Deadlock FOV Terms: Aim Scope vs View Scope — Explainer,deadlock-fov-aim-scope-vs-view-scope,deadlock,en,https://justpaste.me/deadlock-fov-aim-scope-vs-view-scope,,
A Deadlock Cheats Checklist for Careful Research — Explainer,deadlock-cheats-checklist-careful-research,deadlock,en,https://justpaste.me/deadlock-cheats-checklist-careful-research,,
"Deadlock Cheats: Mirror, Source, or Redirect? — Explainer",deadlock-cheats-mirror-source-or-redirect,deadlock,en,https://justpaste.me/deadlock-cheats-mirror-source-or-redirect,,
Dota 2 Tools and the Evidence Ladder — Explainer,dota-2-tools-evidence-ladder,dota2,en,https://justpaste.me/dota-2-tools-evidence-ladder,,
"Dota 2 Install Guides: Source, Scope, and Support — Explainer",dota-2-install-guides-source-scope-support,dota2,en,https://justpaste.me/dota-2-install-guides-source-scope-support,,
Dota 2 Cheat Safety Research: Start with Uncertainty — Explainer,dota-2-cheat-safety-start-with-uncertainty,dota2,en,https://justpaste.me/dota-2-cheat-safety-start-with-uncertainty,,
Dota 2 Cheat Guides: Build a Useful Reading Path — Explainer,dota-2-cheat-guides-reading-path,dota2,en,https://justpaste.me/dota-2-cheat-guides-reading-path,,
Dota 2 Cheats: A Better Melonity vs Umbrella Lens — Explainer,dota-2-cheats-melonity-vs-umbrella-lens,dota2,en,https://justpaste.me/dota-2-cheats-melonity-vs-umbrella-lens,,
A High-Level Deadlock Souls Aimbot Review — Explainer,deadlock-souls-aimbot-high-level-review,deadlock,en,https://justpaste.me/deadlock-souls-aimbot-high-level-review,,
How to Read a Game Tools Hub Before You Choose a Guide,game-tools-hub-reading-guide,deadlock,en,https://dota-cheats-and-skinchangers.blogspot.com/2026/09/game-tools-hub-reading-guide.html,,
Deadlock Guide Navigation: A Safer Way to Compare Features,blog-post-27-deadlock-guide-navigation,deadlock,en,https://dota-cheats-and-skinchangers.blogspot.com/2026/09/blog-post_27.html,,
CS2 Tool Research: Start with the Game-Specific Context,cs2-context-first-research,cs2,en,https://dota-cheats-and-skinchangers.blogspot.com/2026/09/cs2-context-first-research.html,,
Как читать каталог игровых инструментов без лишних обещаний,ru-catalog-reading-guide,deadlock,ru,https://dota-cheats-and-skinchangers.blogspot.com/2026/09/ru-catalog-reading-guide.html,,
